#
# There is insufficient memory for the Java Runtime Environment to continue.
# Native memory allocation (malloc) failed to allocate 246944 bytes. Error detail: Chunk::new
# Possible reasons:
#   The system is out of physical RAM or swap space
#   This process is running with CompressedOops enabled, and the Java Heap may be blocking the growth of the native heap
# Possible solutions:
#   Reduce memory load on the system
#   Increase physical memory or swap space
#   Check if swap backing store is full
#   Decrease Java heap size (-Xmx/-Xms)
#   Decrease number of Java threads
#   Decrease Java thread stack sizes (-Xss)
#   Set larger code cache with -XX:ReservedCodeCacheSize=
#   JVM is running with Unscaled Compressed Oops mode in which the Java heap is
#     placed in the first 4GB address space. The Java Heap base address is the
#     maximum limit for the native heap growth. Please use -XX:HeapBaseMinAddress
#     to set the Java Heap base and to place the Java Heap above 4GB virtual address.
# This output file may be truncated or incomplete.
#
#  Out of Memory Error (arena.cpp:168), pid=99628, tid=98900
#
# JRE version: OpenJDK Runtime Environment (21.0.8) (build 21.0.8+-14196175-b1038.72)
# Java VM: OpenJDK 64-Bit Server VM (21.0.8+-14196175-b1038.72, mixed mode, tiered, compressed oops, compressed class ptrs, g1 gc, windows-amd64)
# No core dump will be written. Minidumps are not enabled by default on client versions of Windows
#

---------------  S U M M A R Y ------------

Command Line: --add-opens=java.base/java.util=ALL-UNNAMED --add-opens=java.base/java.lang=ALL-UNNAMED --add-opens=java.base/java.lang.invoke=ALL-UNNAMED --add-opens=java.prefs/java.util.prefs=ALL-UNNAMED --add-opens=java.base/java.nio.charset=ALL-UNNAMED --add-opens=java.base/java.net=ALL-UNNAMED --add-opens=java.base/java.util.concurrent.atomic=ALL-UNNAMED -Xmx2048m -Dfile.encoding=UTF-8 -Duser.country=US -Duser.language=en -Duser.variant -javaagent:C:\Users\oouch\.gradle\wrapper\dists\gradle-8.5-bin\5t9huq95ubn472n8rpzujfbqh\gradle-8.5\lib\agents\gradle-instrumentation-agent-8.5.jar org.gradle.launcher.daemon.bootstrap.GradleDaemon 8.5

Host: Intel(R) Core(TM) i7-10510U CPU @ 1.80GHz, 8 cores, 15G,  Windows 11 , 64 bit Build 26100 (10.0.26100.7623)
Time: Mon Feb  9 08:15:17 2026 Eastern Standard Time elapsed time: 110.868576 seconds (0d 0h 1m 50s)

---------------  T H R E A D  ---------------

Current thread (0x0000023be0861830):  JavaThread "C2 CompilerThread0" daemon [_thread_in_native, id=98900, stack(0x0000006c0e100000,0x0000006c0e200000) (1024K)]


Current CompileTask:
C2:110869 21669       4       com.android.tools.r8.graph.g3::a (53 bytes)

Stack: [0x0000006c0e100000,0x0000006c0e200000]
Native frames: (J=compiled Java code, j=interpreted, Vv=VM code, C=native code)
V  [jvm.dll+0x6d68d9]
V  [jvm.dll+0x866693]
V  [jvm.dll+0x868c4e]
V  [jvm.dll+0x869333]
V  [jvm.dll+0x280566]
V  [jvm.dll+0xc07cd]
V  [jvm.dll+0xc0d03]
V  [jvm.dll+0x3b961b]
V  [jvm.dll+0x1df7bb]
V  [jvm.dll+0x2493a4]
V  [jvm.dll+0x248821]
V  [jvm.dll+0x1c73a4]
V  [jvm.dll+0x257f9e]
V  [jvm.dll+0x2564e6]
V  [jvm.dll+0x3f4696]
V  [jvm.dll+0x80eac8]
V  [jvm.dll+0x6d512d]
C  [ucrtbase.dll+0x37b0]
C  [KERNEL32.DLL+0x2e8d7]
C  [ntdll.dll+0x8c53c]


---------------  P R O C E S S  ---------------

Threads class SMR info:
_java_thread_list=0x0000023be812c6f0, length=143, elements={
0x0000023bc9053a90, 0x0000023be08406e0, 0x0000023be0844210, 0x0000023be0845410,
0x0000023be0864110, 0x0000023be0864b70, 0x0000023be0877390, 0x0000023be0878960,
0x0000023be0861830, 0x0000023be0879d10, 0x0000023be500a4b0, 0x0000023be508b860,
0x0000023be6735ca0, 0x0000023be6ca2560, 0x0000023be69cd9d0, 0x0000023be6803830,
0x0000023be6a0e1c0, 0x0000023be6cce4c0, 0x0000023be6ccd110, 0x0000023be6ccde30,
0x0000023be6ecae50, 0x0000023be6eccf20, 0x0000023be6eca130, 0x0000023be6eca7c0,
0x0000023be6ece960, 0x0000023be6ecc890, 0x0000023be6ecbb70, 0x0000023be6ecf680,
0x0000023be6ecc200, 0x0000023be6ed0a30, 0x0000023be6ecfd10, 0x0000023be6ed10c0,
0x0000023be6ece2d0, 0x0000023be6ed1750, 0x0000023be59a9ba0, 0x0000023be59a7440,
0x0000023be59a7ad0, 0x0000023be59a8e80, 0x0000023be59a9510, 0x0000023be5f0b470,
0x0000023be5f093a0, 0x0000023be5f0c190, 0x0000023be5f09a30, 0x0000023be5f0d540,
0x0000023be5f0ceb0, 0x0000023be5f0a750, 0x0000023be5f0a0c0, 0x0000023be5f0e260,
0x0000023be5f0ade0, 0x0000023be5f0dbd0, 0x0000023be9397170, 0x0000023be5f10330,
0x0000023be5f0f610, 0x0000023be939b310, 0x0000023beaaedc90, 0x0000023beaaee9b0,
0x0000023beaaeb530, 0x0000023beaaec8e0, 0x0000023beaaecf70, 0x0000023beaaed600,
0x0000023beaaef040, 0x0000023beaaf1e30, 0x0000023beaaf0a80, 0x0000023beaaf24c0,
0x0000023beaaf1110, 0x0000023beaaef6d0, 0x0000023beaaefd60, 0x0000023be62a28c0,
0x0000023be62a1510, 0x0000023be62a1ba0, 0x0000023be62a2230, 0x0000023be62a35e0,
0x0000023be62a0e80, 0x0000023be62a3c70, 0x0000023be62a07f0, 0x0000023be62a4300,
0x0000023be62a4990, 0x0000023be62a2f50, 0x0000023be62a6a60, 0x0000023be62a5d40,
0x0000023be62a5020, 0x0000023be62a56b0, 0x0000023be62a7e10, 0x0000023be62a63d0,
0x0000023be62a70f0, 0x0000023be62a7780, 0x0000023be93998d0, 0x0000023be939b9a0,
0x0000023be939a5f0, 0x0000023be939c030, 0x0000023be939ac80, 0x0000023be9399f60,
0x0000023beaaee320, 0x0000023beaaeaea0, 0x0000023beaaebbc0, 0x0000023beaaec250,
0x0000023beaaf03f0, 0x0000023be59a8160, 0x0000023be5f109c0, 0x0000023be7e83d70,
0x0000023be7e84400, 0x0000023be7e84a90, 0x0000023be7e85120, 0x0000023be7e857b0,
0x0000023be7e864d0, 0x0000023be7e85e40, 0x0000023be7e86b60, 0x0000023be7e836e0,
0x0000023be7e89950, 0x0000023be7e88c30, 0x0000023be7e89fe0, 0x0000023be7e871f0,
0x0000023be7e892c0, 0x0000023be7e8a670, 0x0000023be7e885a0, 0x0000023be7e8ad00,
0x0000023be7e87880, 0x0000023be7e87f10, 0x0000023be64786b0, 0x0000023beaf79220,
0x0000023beaf7a5d0, 0x0000023beaf7c010, 0x0000023beaf7ac60, 0x0000023beaf7c6a0,
0x0000023beaf7b2f0, 0x0000023beaf7b980, 0x0000023beaf798b0, 0x0000023bea5e0210,
0x0000023bea5e1c50, 0x0000023bea5e15c0, 0x0000023bea5e2970, 0x0000023bea5e08a0,
0x0000023bea5e3000, 0x0000023bea5e0f30, 0x0000023bea5dfb80, 0x0000023beaf777e0,
0x0000023beaf77150, 0x0000023beaf77e70, 0x0000023beaf78500, 0x0000023beaf76430,
0x0000023beaf75080, 0x0000023beaf78b90, 0x0000023beaf76ac0
}

Java Threads: ( => current thread )
  0x0000023bc9053a90 JavaThread "main"                              [_thread_blocked, id=52920, stack(0x0000006c0d200000,0x0000006c0d300000) (1024K)]
  0x0000023be08406e0 JavaThread "Common-Cleaner"             daemon [_thread_blocked, id=98348, stack(0x0000006c0da00000,0x0000006c0db00000) (1024K)]
  0x0000023be0844210 JavaThread "Reference Handler"          daemon [_thread_blocked, id=70820, stack(0x0000006c0db00000,0x0000006c0dc00000) (1024K)]
  0x0000023be0845410 JavaThread "Finalizer"                  daemon [_thread_blocked, id=99432, stack(0x0000006c0dc00000,0x0000006c0dd00000) (1024K)]
  0x0000023be0864110 JavaThread "Signal Dispatcher"          daemon [_thread_blocked, id=100148, stack(0x0000006c0dd00000,0x0000006c0de00000) (1024K)]
  0x0000023be0864b70 JavaThread "Attach Listener"            daemon [_thread_blocked, id=47132, stack(0x0000006c0de00000,0x0000006c0df00000) (1024K)]
  0x0000023be0877390 JavaThread "Service Thread"             daemon [_thread_blocked, id=96592, stack(0x0000006c0df00000,0x0000006c0e000000) (1024K)]
  0x0000023be0878960 JavaThread "Monitor Deflation Thread"   daemon [_thread_blocked, id=100008, stack(0x0000006c0e000000,0x0000006c0e100000) (1024K)]
=>0x0000023be0861830 JavaThread "C2 CompilerThread0"         daemon [_thread_in_native, id=98900, stack(0x0000006c0e100000,0x0000006c0e200000) (1024K)]
  0x0000023be0879d10 JavaThread "C1 CompilerThread0"         daemon [_thread_blocked, id=69364, stack(0x0000006c0e200000,0x0000006c0e300000) (1024K)]
  0x0000023be500a4b0 JavaThread "Notification Thread"        daemon [_thread_blocked, id=96848, stack(0x0000006c0e300000,0x0000006c0e400000) (1024K)]
  0x0000023be508b860 JavaThread "Daemon health stats"               [_thread_blocked, id=71828, stack(0x0000006c0e400000,0x0000006c0e500000) (1024K)]
  0x0000023be6735ca0 JavaThread "Incoming local TCP Connector on port 62246"        [_thread_in_native, id=99728, stack(0x0000006c0ea00000,0x0000006c0eb00000) (1024K)]
  0x0000023be6ca2560 JavaThread "Daemon periodic checks"            [_thread_in_native, id=82204, stack(0x0000006c0eb00000,0x0000006c0ec00000) (1024K)]
  0x0000023be69cd9d0 JavaThread "Daemon"                            [_thread_blocked, id=74844, stack(0x0000006c0ec00000,0x0000006c0ed00000) (1024K)]
  0x0000023be6803830 JavaThread "Handler for socket connection from /127.0.0.1:62246 to /127.0.0.1:62247"        [_thread_in_native, id=59716, stack(0x0000006c0ed00000,0x0000006c0ee00000) (1024K)]
  0x0000023be6a0e1c0 JavaThread "Cancel handler"                    [_thread_blocked, id=18060, stack(0x0000006c0ee00000,0x0000006c0ef00000) (1024K)]
  0x0000023be6cce4c0 JavaThread "Daemon worker"                     [_thread_blocked, id=36012, stack(0x0000006c0ef00000,0x0000006c0f000000) (1024K)]
  0x0000023be6ccd110 JavaThread "Asynchronous log dispatcher for DefaultDaemonConnection: socket connection from /127.0.0.1:62246 to /127.0.0.1:62247"        [_thread_blocked, id=99120, stack(0x0000006c0f000000,0x0000006c0f100000) (1024K)]
  0x0000023be6ccde30 JavaThread "Daemon client event forwarder"        [_thread_blocked, id=76632, stack(0x0000006c0f200000,0x0000006c0f300000) (1024K)]
  0x0000023be6ecae50 JavaThread "Cache worker for journal cache (C:\Users\oouch\.gradle\caches\journal-1)"        [_thread_blocked, id=96528, stack(0x0000006c0f600000,0x0000006c0f700000) (1024K)]
  0x0000023be6eccf20 JavaThread "File lock request listener"        [_thread_in_native, id=84796, stack(0x0000006c0f700000,0x0000006c0f800000) (1024K)]
  0x0000023be6eca130 JavaThread "Cache worker for file hash cache (C:\Users\oouch\.gradle\caches\8.5\fileHashes)"        [_thread_blocked, id=72256, stack(0x0000006c0f900000,0x0000006c0fa00000) (1024K)]
  0x0000023be6eca7c0 JavaThread "File watcher server"        daemon [_thread_in_native, id=12980, stack(0x0000006c0fa00000,0x0000006c0fb00000) (1024K)]
  0x0000023be6ece960 JavaThread "File watcher consumer"      daemon [_thread_blocked, id=5740, stack(0x0000006c0fb00000,0x0000006c0fc00000) (1024K)]
  0x0000023be6ecc890 JavaThread "Cache worker for checksums cache (C:\Users\oouch\App Projects\ooustream-iptv-android\.gradle\8.5\checksums)"        [_thread_blocked, id=66296, stack(0x0000006c0fc00000,0x0000006c0fd00000) (1024K)]
  0x0000023be6ecbb70 JavaThread "Cache worker for file hash cache (C:\Users\oouch\App Projects\ooustream-iptv-android\.gradle\8.5\fileHashes)"        [_thread_blocked, id=97672, stack(0x0000006c0fd00000,0x0000006c0fe00000) (1024K)]
  0x0000023be6ecf680 JavaThread "Cache worker for cache directory md-supplier (C:\Users\oouch\.gradle\caches\8.5\md-supplier)"        [_thread_blocked, id=50216, stack(0x0000006c0fe00000,0x0000006c0ff00000) (1024K)]
  0x0000023be6ecc200 JavaThread "Cache worker for cache directory md-rule (C:\Users\oouch\.gradle\caches\8.5\md-rule)"        [_thread_blocked, id=94020, stack(0x0000006c0ff00000,0x0000006c10000000) (1024K)]
  0x0000023be6ed0a30 JavaThread "Cache worker for file content cache (C:\Users\oouch\.gradle\caches\8.5\fileContent)"        [_thread_blocked, id=36468, stack(0x0000006c10000000,0x0000006c10100000) (1024K)]
  0x0000023be6ecfd10 JavaThread "Cache worker for execution history cache (C:\Users\oouch\.gradle\caches\8.5\executionHistory)"        [_thread_blocked, id=100032, stack(0x0000006c10100000,0x0000006c10200000) (1024K)]
  0x0000023be6ed10c0 JavaThread "Cache worker for kotlin-dsl (C:\Users\oouch\.gradle\caches\8.5\kotlin-dsl)"        [_thread_blocked, id=84716, stack(0x0000006c0f800000,0x0000006c0f900000) (1024K)]
  0x0000023be6ece2d0 JavaThread "jar transforms"                    [_thread_blocked, id=80848, stack(0x0000006c10200000,0x0000006c10300000) (1024K)]
  0x0000023be6ed1750 JavaThread "jar transforms Thread 2"           [_thread_blocked, id=97104, stack(0x0000006c10300000,0x0000006c10400000) (1024K)]
  0x0000023be59a9ba0 JavaThread "jar transforms Thread 3"           [_thread_blocked, id=75944, stack(0x0000006c10500000,0x0000006c10600000) (1024K)]
  0x0000023be59a7440 JavaThread "jar transforms Thread 4"           [_thread_blocked, id=85056, stack(0x0000006c10600000,0x0000006c10700000) (1024K)]
  0x0000023be59a7ad0 JavaThread "Cache worker for dependencies-accessors (C:\Users\oouch\App Projects\ooustream-iptv-android\.gradle\8.5\dependencies-accessors)"        [_thread_blocked, id=69532, stack(0x0000006c10700000,0x0000006c10800000) (1024K)]
  0x0000023be59a8e80 JavaThread "Cache worker for Build Output Cleanup Cache (C:\Users\oouch\App Projects\ooustream-iptv-android\.gradle\buildOutputCleanup)"        [_thread_blocked, id=99220, stack(0x0000006c10800000,0x0000006c10900000) (1024K)]
  0x0000023be59a9510 JavaThread "jar transforms Thread 5"           [_thread_blocked, id=75608, stack(0x0000006c10900000,0x0000006c10a00000) (1024K)]
  0x0000023be5f0b470 JavaThread "jar transforms Thread 6"           [_thread_blocked, id=90632, stack(0x0000006c10a00000,0x0000006c10b00000) (1024K)]
  0x0000023be5f093a0 JavaThread "Unconstrained build operations"        [_thread_blocked, id=45944, stack(0x0000006c10400000,0x0000006c10500000) (1024K)]
  0x0000023be5f0c190 JavaThread "Unconstrained build operations Thread 2"        [_thread_blocked, id=94620, stack(0x0000006c10b00000,0x0000006c10c00000) (1024K)]
  0x0000023be5f09a30 JavaThread "Unconstrained build operations Thread 3"        [_thread_blocked, id=42208, stack(0x0000006c10c00000,0x0000006c10d00000) (1024K)]
  0x0000023be5f0d540 JavaThread "Unconstrained build operations Thread 4"        [_thread_blocked, id=70796, stack(0x0000006c10d00000,0x0000006c10e00000) (1024K)]
  0x0000023be5f0ceb0 JavaThread "Unconstrained build operations Thread 5"        [_thread_blocked, id=96440, stack(0x0000006c10e00000,0x0000006c10f00000) (1024K)]
  0x0000023be5f0a750 JavaThread "Unconstrained build operations Thread 6"        [_thread_blocked, id=98132, stack(0x0000006c10f00000,0x0000006c11000000) (1024K)]
  0x0000023be5f0a0c0 JavaThread "Unconstrained build operations Thread 7"        [_thread_blocked, id=12464, stack(0x0000006c11000000,0x0000006c11100000) (1024K)]
  0x0000023be5f0e260 JavaThread "jar transforms Thread 7"           [_thread_blocked, id=93968, stack(0x0000006c11200000,0x0000006c11300000) (1024K)]
  0x0000023be5f0ade0 JavaThread "jar transforms Thread 8"           [_thread_blocked, id=49984, stack(0x0000006c11300000,0x0000006c11400000) (1024K)]
  0x0000023be5f0dbd0 JavaThread "Memory manager"                    [_thread_blocked, id=93608, stack(0x0000006c11400000,0x0000006c11500000) (1024K)]
  0x0000023be9397170 JavaThread "build event listener"              [_thread_blocked, id=99792, stack(0x0000006c11100000,0x0000006c11200000) (1024K)]
  0x0000023be5f10330 JavaThread "pool-3-thread-1"                   [_thread_blocked, id=87852, stack(0x0000006c0d000000,0x0000006c0d100000) (1024K)]
  0x0000023be5f0f610 JavaThread "build event listener"              [_thread_blocked, id=98648, stack(0x0000006c11500000,0x0000006c11600000) (1024K)]
  0x0000023be939b310 JavaThread "included builds"                   [_thread_blocked, id=76796, stack(0x0000006c11600000,0x0000006c11700000) (1024K)]
  0x0000023beaaedc90 JavaThread "Execution worker"                  [_thread_blocked, id=42936, stack(0x0000006c11700000,0x0000006c11800000) (1024K)]
  0x0000023beaaee9b0 JavaThread "Execution worker Thread 2"         [_thread_blocked, id=86528, stack(0x0000006c11800000,0x0000006c11900000) (1024K)]
  0x0000023beaaeb530 JavaThread "Execution worker Thread 3"         [_thread_blocked, id=97016, stack(0x0000006c11900000,0x0000006c11a00000) (1024K)]
  0x0000023beaaec8e0 JavaThread "Execution worker Thread 4"         [_thread_blocked, id=87228, stack(0x0000006c11a00000,0x0000006c11b00000) (1024K)]
  0x0000023beaaecf70 JavaThread "Execution worker Thread 5"         [_thread_blocked, id=91372, stack(0x0000006c11b00000,0x0000006c11c00000) (1024K)]
  0x0000023beaaed600 JavaThread "Execution worker Thread 6"         [_thread_blocked, id=88696, stack(0x0000006c11c00000,0x0000006c11d00000) (1024K)]
  0x0000023beaaef040 JavaThread "Execution worker Thread 7"         [_thread_blocked, id=96688, stack(0x0000006c11d00000,0x0000006c11e00000) (1024K)]
  0x0000023beaaf1e30 JavaThread "Cache worker for execution history cache (C:\Users\oouch\App Projects\ooustream-iptv-android\.gradle\8.5\executionHistory)"        [_thread_blocked, id=38664, stack(0x0000006c11e00000,0x0000006c11f00000) (1024K)]
  0x0000023beaaf0a80 JavaThread "Unconstrained build operations Thread 8"        [_thread_blocked, id=26576, stack(0x0000006c11f00000,0x0000006c12000000) (1024K)]
  0x0000023beaaf24c0 JavaThread "Unconstrained build operations Thread 9"        [_thread_blocked, id=99400, stack(0x0000006c12000000,0x0000006c12100000) (1024K)]
  0x0000023beaaf1110 JavaThread "Unconstrained build operations Thread 10"        [_thread_blocked, id=98992, stack(0x0000006c12100000,0x0000006c12200000) (1024K)]
  0x0000023beaaef6d0 JavaThread "Unconstrained build operations Thread 11"        [_thread_blocked, id=90976, stack(0x0000006c12200000,0x0000006c12300000) (1024K)]
  0x0000023beaaefd60 JavaThread "Unconstrained build operations Thread 12"        [_thread_blocked, id=99852, stack(0x0000006c12300000,0x0000006c12400000) (1024K)]
  0x0000023be62a28c0 JavaThread "Unconstrained build operations Thread 13"        [_thread_blocked, id=92964, stack(0x0000006c12400000,0x0000006c12500000) (1024K)]
  0x0000023be62a1510 JavaThread "Unconstrained build operations Thread 14"        [_thread_blocked, id=89148, stack(0x0000006c12500000,0x0000006c12600000) (1024K)]
  0x0000023be62a1ba0 JavaThread "Unconstrained build operations Thread 15"        [_thread_blocked, id=58604, stack(0x0000006c12600000,0x0000006c12700000) (1024K)]
  0x0000023be62a2230 JavaThread "Unconstrained build operations Thread 16"        [_thread_blocked, id=45144, stack(0x0000006c12700000,0x0000006c12800000) (1024K)]
  0x0000023be62a35e0 JavaThread "Unconstrained build operations Thread 17"        [_thread_blocked, id=97500, stack(0x0000006c12800000,0x0000006c12900000) (1024K)]
  0x0000023be62a0e80 JavaThread "Unconstrained build operations Thread 18"        [_thread_blocked, id=61116, stack(0x0000006c12900000,0x0000006c12a00000) (1024K)]
  0x0000023be62a3c70 JavaThread "Unconstrained build operations Thread 19"        [_thread_blocked, id=99064, stack(0x0000006c12a00000,0x0000006c12b00000) (1024K)]
  0x0000023be62a07f0 JavaThread "Unconstrained build operations Thread 20"        [_thread_blocked, id=99304, stack(0x0000006c12b00000,0x0000006c12c00000) (1024K)]
  0x0000023be62a4300 JavaThread "Unconstrained build operations Thread 21"        [_thread_blocked, id=98908, stack(0x0000006c12c00000,0x0000006c12d00000) (1024K)]
  0x0000023be62a4990 JavaThread "Unconstrained build operations Thread 22"        [_thread_blocked, id=98444, stack(0x0000006c12d00000,0x0000006c12e00000) (1024K)]
  0x0000023be62a2f50 JavaThread "Unconstrained build operations Thread 23"        [_thread_blocked, id=98512, stack(0x0000006c12e00000,0x0000006c12f00000) (1024K)]
  0x0000023be62a6a60 JavaThread "Unconstrained build operations Thread 24"        [_thread_blocked, id=98044, stack(0x0000006c12f00000,0x0000006c13000000) (1024K)]
  0x0000023be62a5d40 JavaThread "Unconstrained build operations Thread 25"        [_thread_blocked, id=99968, stack(0x0000006c13000000,0x0000006c13100000) (1024K)]
  0x0000023be62a5020 JavaThread "Unconstrained build operations Thread 26"        [_thread_blocked, id=98396, stack(0x0000006c13100000,0x0000006c13200000) (1024K)]
  0x0000023be62a56b0 JavaThread "Unconstrained build operations Thread 27"        [_thread_blocked, id=99592, stack(0x0000006c13200000,0x0000006c13300000) (1024K)]
  0x0000023be62a7e10 JavaThread "Unconstrained build operations Thread 28"        [_thread_blocked, id=9744, stack(0x0000006c13300000,0x0000006c13400000) (1024K)]
  0x0000023be62a63d0 JavaThread "Unconstrained build operations Thread 29"        [_thread_blocked, id=70048, stack(0x0000006c13400000,0x0000006c13500000) (1024K)]
  0x0000023be62a70f0 JavaThread "Unconstrained build operations Thread 30"        [_thread_blocked, id=99416, stack(0x0000006c13500000,0x0000006c13600000) (1024K)]
  0x0000023be62a7780 JavaThread "Unconstrained build operations Thread 31"        [_thread_blocked, id=78708, stack(0x0000006c13600000,0x0000006c13700000) (1024K)]
  0x0000023be93998d0 JavaThread "Unconstrained build operations Thread 32"        [_thread_blocked, id=87000, stack(0x0000006c13700000,0x0000006c13800000) (1024K)]
  0x0000023be939b9a0 JavaThread "Unconstrained build operations Thread 33"        [_thread_blocked, id=98492, stack(0x0000006c13800000,0x0000006c13900000) (1024K)]
  0x0000023be939a5f0 JavaThread "Unconstrained build operations Thread 34"        [_thread_blocked, id=99384, stack(0x0000006c13900000,0x0000006c13a00000) (1024K)]
  0x0000023be939c030 JavaThread "Unconstrained build operations Thread 35"        [_thread_blocked, id=98820, stack(0x0000006c13a00000,0x0000006c13b00000) (1024K)]
  0x0000023be939ac80 JavaThread "Unconstrained build operations Thread 36"        [_thread_blocked, id=66084, stack(0x0000006c13b00000,0x0000006c13c00000) (1024K)]
  0x0000023be9399f60 JavaThread "Unconstrained build operations Thread 37"        [_thread_blocked, id=42816, stack(0x0000006c13c00000,0x0000006c13d00000) (1024K)]
  0x0000023beaaee320 JavaThread "Unconstrained build operations Thread 38"        [_thread_blocked, id=90468, stack(0x0000006c13d00000,0x0000006c13e00000) (1024K)]
  0x0000023beaaeaea0 JavaThread "Unconstrained build operations Thread 39"        [_thread_blocked, id=22892, stack(0x0000006c13e00000,0x0000006c13f00000) (1024K)]
  0x0000023beaaebbc0 JavaThread "Unconstrained build operations Thread 40"        [_thread_blocked, id=96756, stack(0x0000006c13f00000,0x0000006c14000000) (1024K)]
  0x0000023beaaec250 JavaThread "Unconstrained build operations Thread 41"        [_thread_blocked, id=49932, stack(0x0000006c14000000,0x0000006c14100000) (1024K)]
  0x0000023beaaf03f0 JavaThread "Unconstrained build operations Thread 42"        [_thread_blocked, id=99916, stack(0x0000006c14100000,0x0000006c14200000) (1024K)]
  0x0000023be59a8160 JavaThread "Unconstrained build operations Thread 43"        [_thread_blocked, id=92748, stack(0x0000006c14200000,0x0000006c14300000) (1024K)]
  0x0000023be5f109c0 JavaThread "Unconstrained build operations Thread 44"        [_thread_blocked, id=99000, stack(0x0000006c14300000,0x0000006c14400000) (1024K)]
  0x0000023be7e83d70 JavaThread "Unconstrained build operations Thread 45"        [_thread_blocked, id=85568, stack(0x0000006c14400000,0x0000006c14500000) (1024K)]
  0x0000023be7e84400 JavaThread "Unconstrained build operations Thread 46"        [_thread_blocked, id=74480, stack(0x0000006c14500000,0x0000006c14600000) (1024K)]
  0x0000023be7e84a90 JavaThread "Unconstrained build operations Thread 47"        [_thread_blocked, id=84664, stack(0x0000006c14600000,0x0000006c14700000) (1024K)]
  0x0000023be7e85120 JavaThread "Unconstrained build operations Thread 48"        [_thread_blocked, id=82764, stack(0x0000006c14700000,0x0000006c14800000) (1024K)]
  0x0000023be7e857b0 JavaThread "Unconstrained build operations Thread 49"        [_thread_blocked, id=82116, stack(0x0000006c14800000,0x0000006c14900000) (1024K)]
  0x0000023be7e864d0 JavaThread "Unconstrained build operations Thread 50"        [_thread_blocked, id=99500, stack(0x0000006c14900000,0x0000006c14a00000) (1024K)]
  0x0000023be7e85e40 JavaThread "Unconstrained build operations Thread 51"        [_thread_blocked, id=99688, stack(0x0000006c14a00000,0x0000006c14b00000) (1024K)]
  0x0000023be7e86b60 JavaThread "Unconstrained build operations Thread 52"        [_thread_blocked, id=47028, stack(0x0000006c14b00000,0x0000006c14c00000) (1024K)]
  0x0000023be7e836e0 JavaThread "Unconstrained build operations Thread 53"        [_thread_blocked, id=32220, stack(0x0000006c14c00000,0x0000006c14d00000) (1024K)]
  0x0000023be7e89950 JavaThread "Unconstrained build operations Thread 54"        [_thread_blocked, id=86776, stack(0x0000006c14d00000,0x0000006c14e00000) (1024K)]
  0x0000023be7e88c30 JavaThread "Unconstrained build operations Thread 55"        [_thread_blocked, id=97288, stack(0x0000006c14e00000,0x0000006c14f00000) (1024K)]
  0x0000023be7e89fe0 JavaThread "Unconstrained build operations Thread 56"        [_thread_blocked, id=94912, stack(0x0000006c14f00000,0x0000006c15000000) (1024K)]
  0x0000023be7e871f0 JavaThread "Unconstrained build operations Thread 57"        [_thread_blocked, id=94184, stack(0x0000006c15000000,0x0000006c15100000) (1024K)]
  0x0000023be7e892c0 JavaThread "Unconstrained build operations Thread 58"        [_thread_blocked, id=4104, stack(0x0000006c15100000,0x0000006c15200000) (1024K)]
  0x0000023be7e8a670 JavaThread "Unconstrained build operations Thread 59"        [_thread_blocked, id=57388, stack(0x0000006c15200000,0x0000006c15300000) (1024K)]
  0x0000023be7e885a0 JavaThread "Unconstrained build operations Thread 60"        [_thread_blocked, id=66504, stack(0x0000006c15300000,0x0000006c15400000) (1024K)]
  0x0000023be7e8ad00 JavaThread "Unconstrained build operations Thread 61"        [_thread_blocked, id=91952, stack(0x0000006c15400000,0x0000006c15500000) (1024K)]
  0x0000023be7e87880 JavaThread "Unconstrained build operations Thread 62"        [_thread_blocked, id=45760, stack(0x0000006c15500000,0x0000006c15600000) (1024K)]
  0x0000023be7e87f10 JavaThread "Unconstrained build operations Thread 63"        [_thread_blocked, id=51524, stack(0x0000006c15600000,0x0000006c15700000) (1024K)]
  0x0000023be64786b0 JavaThread "Unconstrained build operations Thread 64"        [_thread_blocked, id=91104, stack(0x0000006c15700000,0x0000006c15800000) (1024K)]
  0x0000023beaf79220 JavaThread "Unconstrained build operations Thread 65"        [_thread_blocked, id=91892, stack(0x0000006c15800000,0x0000006c15900000) (1024K)]
  0x0000023beaf7a5d0 JavaThread "Unconstrained build operations Thread 66"        [_thread_blocked, id=99392, stack(0x0000006c15900000,0x0000006c15a00000) (1024K)]
  0x0000023beaf7c010 JavaThread "Unconstrained build operations Thread 67"        [_thread_blocked, id=93976, stack(0x0000006c15a00000,0x0000006c15b00000) (1024K)]
  0x0000023beaf7ac60 JavaThread "Unconstrained build operations Thread 68"        [_thread_blocked, id=97552, stack(0x0000006c15b00000,0x0000006c15c00000) (1024K)]
  0x0000023beaf7c6a0 JavaThread "Unconstrained build operations Thread 69"        [_thread_blocked, id=56212, stack(0x0000006c15c00000,0x0000006c15d00000) (1024K)]
  0x0000023beaf7b2f0 JavaThread "Unconstrained build operations Thread 70"        [_thread_blocked, id=99420, stack(0x0000006c15d00000,0x0000006c15e00000) (1024K)]
  0x0000023beaf7b980 JavaThread "Unconstrained build operations Thread 71"        [_thread_blocked, id=94688, stack(0x0000006c15e00000,0x0000006c15f00000) (1024K)]
  0x0000023beaf798b0 JavaThread "Unconstrained build operations Thread 72"        [_thread_blocked, id=77628, stack(0x0000006c15f00000,0x0000006c16000000) (1024K)]
  0x0000023bea5e0210 JavaThread "Unconstrained build operations Thread 73"        [_thread_blocked, id=92768, stack(0x0000006c16000000,0x0000006c16100000) (1024K)]
  0x0000023bea5e1c50 JavaThread "Unconstrained build operations Thread 74"        [_thread_blocked, id=61924, stack(0x0000006c16100000,0x0000006c16200000) (1024K)]
  0x0000023bea5e15c0 JavaThread "Unconstrained build operations Thread 75"        [_thread_blocked, id=99856, stack(0x0000006c16200000,0x0000006c16300000) (1024K)]
  0x0000023bea5e2970 JavaThread "Unconstrained build operations Thread 76"        [_thread_blocked, id=98432, stack(0x0000006c16300000,0x0000006c16400000) (1024K)]
  0x0000023bea5e08a0 JavaThread "Unconstrained build operations Thread 77"        [_thread_blocked, id=100216, stack(0x0000006c16400000,0x0000006c16500000) (1024K)]
  0x0000023bea5e3000 JavaThread "Unconstrained build operations Thread 78"        [_thread_blocked, id=4824, stack(0x0000006c16500000,0x0000006c16600000) (1024K)]
  0x0000023bea5e0f30 JavaThread "Unconstrained build operations Thread 79"        [_thread_blocked, id=99144, stack(0x0000006c16600000,0x0000006c16700000) (1024K)]
  0x0000023bea5dfb80 JavaThread "Unconstrained build operations Thread 80"        [_thread_blocked, id=92484, stack(0x0000006c16700000,0x0000006c16800000) (1024K)]
  0x0000023beaf777e0 JavaThread "WorkerExecutor Queue"              [_thread_in_native, id=93204, stack(0x0000006c16800000,0x0000006c16900000) (1024K)]
  0x0000023beaf77150 JavaThread "WorkerExecutor Queue Thread 2"        [_thread_in_native, id=68976, stack(0x0000006c16900000,0x0000006c16a00000) (1024K)]
  0x0000023beaf77e70 JavaThread "WorkerExecutor Queue Thread 3"        [_thread_in_native, id=40860, stack(0x0000006c16a00000,0x0000006c16b00000) (1024K)]
  0x0000023beaf78500 JavaThread "WorkerExecutor Queue Thread 4"        [_thread_in_native, id=99636, stack(0x0000006c16b00000,0x0000006c16c00000) (1024K)]
  0x0000023beaf76430 JavaThread "WorkerExecutor Queue Thread 5"        [_thread_blocked, id=57572, stack(0x0000006c16d00000,0x0000006c16e00000) (1024K)]
  0x0000023beaf75080 JavaThread "WorkerExecutor Queue Thread 6"        [_thread_blocked, id=98912, stack(0x0000006c16e00000,0x0000006c16f00000) (1024K)]
  0x0000023beaf78b90 JavaThread "WorkerExecutor Queue Thread 7"        [_thread_blocked, id=99280, stack(0x0000006c16f00000,0x0000006c17000000) (1024K)]
  0x0000023beaf76ac0 JavaThread "WorkerExecutor Queue Thread 8"        [_thread_blocked, id=98496, stack(0x0000006c17000000,0x0000006c17100000) (1024K)]
Total: 143

Other Threads:
  0x0000023be075c950 VMThread "VM Thread"                           [id=57152, stack(0x0000006c0d900000,0x0000006c0da00000) (1024K)]
  0x0000023be07e19e0 WatcherThread "VM Periodic Task Thread"        [id=60200, stack(0x0000006c0d800000,0x0000006c0d900000) (1024K)]
  0x0000023bc90ace50 WorkerThread "GC Thread#0"                     [id=24356, stack(0x0000006c0d300000,0x0000006c0d400000) (1024K)]
  0x0000023be5edf940 WorkerThread "GC Thread#1"                     [id=89036, stack(0x0000006c0e500000,0x0000006c0e600000) (1024K)]
  0x0000023be598c4a0 WorkerThread "GC Thread#2"                     [id=99952, stack(0x0000006c0e600000,0x0000006c0e700000) (1024K)]
  0x0000023be598c840 WorkerThread "GC Thread#3"                     [id=92608, stack(0x0000006c0e700000,0x0000006c0e800000) (1024K)]
  0x0000023be598cbe0 WorkerThread "GC Thread#4"                     [id=96104, stack(0x0000006c0e800000,0x0000006c0e900000) (1024K)]
  0x0000023be598cf80 WorkerThread "GC Thread#5"                     [id=46412, stack(0x0000006c0e900000,0x0000006c0ea00000) (1024K)]
  0x0000023be6a07ee0 WorkerThread "GC Thread#6"                     [id=100292, stack(0x0000006c0f300000,0x0000006c0f400000) (1024K)]
  0x0000023be6a07b40 WorkerThread "GC Thread#7"                     [id=63548, stack(0x0000006c0f400000,0x0000006c0f500000) (1024K)]
  0x0000023bc90beb80 ConcurrentGCThread "G1 Main Marker"            [id=98892, stack(0x0000006c0d400000,0x0000006c0d500000) (1024K)]
  0x0000023bc90bfd30 WorkerThread "G1 Conc#0"                       [id=91496, stack(0x0000006c0d500000,0x0000006c0d600000) (1024K)]
  0x0000023be6a077a0 WorkerThread "G1 Conc#1"                       [id=96064, stack(0x0000006c0f500000,0x0000006c0f600000) (1024K)]
  0x0000023be0632ea0 ConcurrentGCThread "G1 Refine#0"               [id=60076, stack(0x0000006c0d600000,0x0000006c0d700000) (1024K)]
  0x0000023be06336c0 ConcurrentGCThread "G1 Service"                [id=95240, stack(0x0000006c0d700000,0x0000006c0d800000) (1024K)]
Total: 15

Threads with active compile tasks:
C2 CompilerThread0  114119 21669       4       com.android.tools.r8.graph.g3::a (53 bytes)
Total: 1

VM state: not at safepoint (normal execution)

VM Mutex/Monitor currently owned by a thread: None

Heap address: 0x0000000080000000, size: 2048 MB, Compressed Oops mode: 32-bit

CDS archive(s) not mapped
Compressed class space mapped at: 0x0000000100000000-0x0000000140000000, reserved size: 1073741824
Narrow klass base: 0x0000000000000000, Narrow klass shift: 3, Narrow klass range: 0x140000000

GC Precious Log:
 CardTable entry size: 512
 Card Set container configuration: InlinePtr #cards 5 size 8 Array Of Cards #cards 12 size 40 Howl #buckets 4 coarsen threshold 1843 Howl Bitmap #cards 512 size 80 coarsen threshold 460 Card regions per heap region 1 cards per card region 2048
 CPUs: 8 total, 8 available
 Memory: 16105M
 Large Page Support: Disabled
 NUMA Support: Disabled
 Compressed Oops: Enabled (32-bit)
 Heap Region Size: 1M
 Heap Min Capacity: 8M
 Heap Initial Capacity: 252M
 Heap Max Capacity: 2G
 Pre-touch: Disabled
 Parallel Workers: 8
 Concurrent Workers: 2
 Concurrent Refinement Workers: 8
 Periodic GC: Disabled

Heap:
 garbage-first heap   total 319488K, used 258850K [0x0000000080000000, 0x0000000100000000)
  region size 1024K, 73 young (74752K), 12 survivors (12288K)
 Metaspace       used 136027K, committed 138048K, reserved 1179648K
  class space    used 19270K, committed 20224K, reserved 1048576K

Heap Regions: E=young(eden), S=young(survivor), O=old, HS=humongous(starts), HC=humongous(continues), CS=collection set, F=free, TAMS=top-at-mark-start, PB=parsable bottom
|   0|0x0000000080000000, 0x0000000080100000, 0x0000000080100000|100%|HS|  |TAMS 0x0000000080000000| PB 0x0000000080000000| Complete 
|   1|0x0000000080100000, 0x0000000080200000, 0x0000000080200000|100%|HC|  |TAMS 0x0000000080100000| PB 0x0000000080100000| Complete 
|   2|0x0000000080200000, 0x0000000080300000, 0x0000000080300000|100%|HC|  |TAMS 0x0000000080200000| PB 0x0000000080200000| Complete 
|   3|0x0000000080300000, 0x0000000080400000, 0x0000000080400000|100%|HC|  |TAMS 0x0000000080300000| PB 0x0000000080300000| Complete 
|   4|0x0000000080400000, 0x0000000080500000, 0x0000000080500000|100%| O|  |TAMS 0x0000000080400000| PB 0x0000000080400000| Untracked 
|   5|0x0000000080500000, 0x0000000080600000, 0x0000000080600000|100%| O|  |TAMS 0x0000000080500000| PB 0x0000000080500000| Untracked 
|   6|0x0000000080600000, 0x0000000080700000, 0x0000000080700000|100%| O|  |TAMS 0x0000000080600000| PB 0x0000000080600000| Untracked 
|   7|0x0000000080700000, 0x0000000080800000, 0x0000000080800000|100%| O|  |TAMS 0x0000000080700000| PB 0x0000000080700000| Untracked 
|   8|0x0000000080800000, 0x0000000080900000, 0x0000000080900000|100%| O|  |TAMS 0x0000000080800000| PB 0x0000000080800000| Untracked 
|   9|0x0000000080900000, 0x0000000080a00000, 0x0000000080a00000|100%| O|  |TAMS 0x0000000080900000| PB 0x0000000080900000| Untracked 
|  10|0x0000000080a00000, 0x0000000080b00000, 0x0000000080b00000|100%| O|  |TAMS 0x0000000080a00000| PB 0x0000000080a00000| Untracked 
|  11|0x0000000080b00000, 0x0000000080c00000, 0x0000000080c00000|100%| O|  |TAMS 0x0000000080b00000| PB 0x0000000080b00000| Untracked 
|  12|0x0000000080c00000, 0x0000000080d00000, 0x0000000080d00000|100%| O|  |TAMS 0x0000000080c00000| PB 0x0000000080c00000| Untracked 
|  13|0x0000000080d00000, 0x0000000080e00000, 0x0000000080e00000|100%| O|  |TAMS 0x0000000080d00000| PB 0x0000000080d00000| Untracked 
|  14|0x0000000080e00000, 0x0000000080f00000, 0x0000000080f00000|100%| O|  |TAMS 0x0000000080e00000| PB 0x0000000080e00000| Untracked 
|  15|0x0000000080f00000, 0x0000000081000000, 0x0000000081000000|100%| O|  |TAMS 0x0000000080f00000| PB 0x0000000080f00000| Untracked 
|  16|0x0000000081000000, 0x0000000081100000, 0x0000000081100000|100%| O|  |TAMS 0x0000000081000000| PB 0x0000000081000000| Untracked 
|  17|0x0000000081100000, 0x0000000081200000, 0x0000000081200000|100%| O|  |TAMS 0x0000000081100000| PB 0x0000000081100000| Untracked 
|  18|0x0000000081200000, 0x0000000081300000, 0x0000000081300000|100%| O|  |TAMS 0x0000000081200000| PB 0x0000000081200000| Untracked 
|  19|0x0000000081300000, 0x0000000081400000, 0x0000000081400000|100%| O|  |TAMS 0x0000000081300000| PB 0x0000000081300000| Untracked 
|  20|0x0000000081400000, 0x0000000081500000, 0x0000000081500000|100%| O|  |TAMS 0x0000000081400000| PB 0x0000000081400000| Untracked 
|  21|0x0000000081500000, 0x0000000081600000, 0x0000000081600000|100%| O|  |TAMS 0x0000000081500000| PB 0x0000000081500000| Untracked 
|  22|0x0000000081600000, 0x0000000081700000, 0x0000000081700000|100%| O|  |TAMS 0x0000000081600000| PB 0x0000000081600000| Untracked 
|  23|0x0000000081700000, 0x0000000081800000, 0x0000000081800000|100%| O|  |TAMS 0x0000000081700000| PB 0x0000000081700000| Untracked 
|  24|0x0000000081800000, 0x0000000081900000, 0x0000000081900000|100%| O|  |TAMS 0x0000000081800000| PB 0x0000000081800000| Untracked 
|  25|0x0000000081900000, 0x0000000081a00000, 0x0000000081a00000|100%| O|  |TAMS 0x0000000081900000| PB 0x0000000081900000| Untracked 
|  26|0x0000000081a00000, 0x0000000081b00000, 0x0000000081b00000|100%| O|  |TAMS 0x0000000081a00000| PB 0x0000000081a00000| Untracked 
|  27|0x0000000081b00000, 0x0000000081c00000, 0x0000000081c00000|100%| O|  |TAMS 0x0000000081b00000| PB 0x0000000081b00000| Untracked 
|  28|0x0000000081c00000, 0x0000000081d00000, 0x0000000081d00000|100%| O|  |TAMS 0x0000000081c00000| PB 0x0000000081c00000| Untracked 
|  29|0x0000000081d00000, 0x0000000081e00000, 0x0000000081e00000|100%| O|  |TAMS 0x0000000081d00000| PB 0x0000000081d00000| Untracked 
|  30|0x0000000081e00000, 0x0000000081f00000, 0x0000000081f00000|100%| O|  |TAMS 0x0000000081e00000| PB 0x0000000081e00000| Untracked 
|  31|0x0000000081f00000, 0x0000000082000000, 0x0000000082000000|100%| O|  |TAMS 0x0000000081f00000| PB 0x0000000081f00000| Untracked 
|  32|0x0000000082000000, 0x0000000082100000, 0x0000000082100000|100%| O|  |TAMS 0x0000000082000000| PB 0x0000000082000000| Untracked 
|  33|0x0000000082100000, 0x0000000082200000, 0x0000000082200000|100%| O|  |TAMS 0x0000000082100000| PB 0x0000000082100000| Untracked 
|  34|0x0000000082200000, 0x0000000082300000, 0x0000000082300000|100%| O|  |TAMS 0x0000000082200000| PB 0x0000000082200000| Untracked 
|  35|0x0000000082300000, 0x0000000082400000, 0x0000000082400000|100%| O|  |TAMS 0x0000000082300000| PB 0x0000000082300000| Untracked 
|  36|0x0000000082400000, 0x0000000082500000, 0x0000000082500000|100%|HS|  |TAMS 0x0000000082400000| PB 0x0000000082400000| Complete 
|  37|0x0000000082500000, 0x0000000082600000, 0x0000000082600000|100%|HS|  |TAMS 0x0000000082500000| PB 0x0000000082500000| Complete 
|  38|0x0000000082600000, 0x0000000082700000, 0x0000000082700000|100%| O|  |TAMS 0x0000000082600000| PB 0x0000000082600000| Untracked 
|  39|0x0000000082700000, 0x0000000082800000, 0x0000000082800000|100%| O|  |TAMS 0x0000000082700000| PB 0x0000000082700000| Untracked 
|  40|0x0000000082800000, 0x0000000082900000, 0x0000000082900000|100%| O|  |TAMS 0x0000000082800000| PB 0x0000000082800000| Untracked 
|  41|0x0000000082900000, 0x0000000082a00000, 0x0000000082a00000|100%|HS|  |TAMS 0x0000000082900000| PB 0x0000000082900000| Complete 
|  42|0x0000000082a00000, 0x0000000082b00000, 0x0000000082b00000|100%| O|  |TAMS 0x0000000082a00000| PB 0x0000000082a00000| Untracked 
|  43|0x0000000082b00000, 0x0000000082c00000, 0x0000000082c00000|100%|HS|  |TAMS 0x0000000082b00000| PB 0x0000000082b00000| Complete 
|  44|0x0000000082c00000, 0x0000000082d00000, 0x0000000082d00000|100%|HC|  |TAMS 0x0000000082c00000| PB 0x0000000082c00000| Complete 
|  45|0x0000000082d00000, 0x0000000082e00000, 0x0000000082e00000|100%|HS|  |TAMS 0x0000000082d00000| PB 0x0000000082d00000| Complete 
|  46|0x0000000082e00000, 0x0000000082f00000, 0x0000000082f00000|100%|HC|  |TAMS 0x0000000082e00000| PB 0x0000000082e00000| Complete 
|  47|0x0000000082f00000, 0x0000000083000000, 0x0000000083000000|100%|HS|  |TAMS 0x0000000082f00000| PB 0x0000000082f00000| Complete 
|  48|0x0000000083000000, 0x0000000083100000, 0x0000000083100000|100%|HS|  |TAMS 0x0000000083000000| PB 0x0000000083000000| Complete 
|  49|0x0000000083100000, 0x0000000083200000, 0x0000000083200000|100%|HC|  |TAMS 0x0000000083100000| PB 0x0000000083100000| Complete 
|  50|0x0000000083200000, 0x0000000083300000, 0x0000000083300000|100%|HC|  |TAMS 0x0000000083200000| PB 0x0000000083200000| Complete 
|  51|0x0000000083300000, 0x0000000083400000, 0x0000000083400000|100%|HC|  |TAMS 0x0000000083300000| PB 0x0000000083300000| Complete 
|  52|0x0000000083400000, 0x0000000083500000, 0x0000000083500000|100%| O|  |TAMS 0x0000000083400000| PB 0x0000000083400000| Untracked 
|  53|0x0000000083500000, 0x0000000083600000, 0x0000000083600000|100%|HS|  |TAMS 0x0000000083500000| PB 0x0000000083500000| Complete 
|  54|0x0000000083600000, 0x0000000083700000, 0x0000000083700000|100%| O|  |TAMS 0x0000000083600000| PB 0x0000000083600000| Untracked 
|  55|0x0000000083700000, 0x0000000083800000, 0x0000000083800000|100%| O|  |TAMS 0x0000000083700000| PB 0x0000000083700000| Untracked 
|  56|0x0000000083800000, 0x0000000083900000, 0x0000000083900000|100%| O|  |TAMS 0x0000000083800000| PB 0x0000000083800000| Untracked 
|  57|0x0000000083900000, 0x0000000083a00000, 0x0000000083a00000|100%| O|  |TAMS 0x0000000083900000| PB 0x0000000083900000| Untracked 
|  58|0x0000000083a00000, 0x0000000083b00000, 0x0000000083b00000|100%| O|  |TAMS 0x0000000083a00000| PB 0x0000000083a00000| Untracked 
|  59|0x0000000083b00000, 0x0000000083c00000, 0x0000000083c00000|100%| O|  |TAMS 0x0000000083b00000| PB 0x0000000083b00000| Untracked 
|  60|0x0000000083c00000, 0x0000000083d00000, 0x0000000083d00000|100%| O|  |TAMS 0x0000000083c00000| PB 0x0000000083c00000| Untracked 
|  61|0x0000000083d00000, 0x0000000083e00000, 0x0000000083e00000|100%| O|  |TAMS 0x0000000083d00000| PB 0x0000000083d00000| Untracked 
|  62|0x0000000083e00000, 0x0000000083f00000, 0x0000000083f00000|100%|HS|  |TAMS 0x0000000083e00000| PB 0x0000000083e00000| Complete 
|  63|0x0000000083f00000, 0x0000000084000000, 0x0000000084000000|100%|HC|  |TAMS 0x0000000083f00000| PB 0x0000000083f00000| Complete 
|  64|0x0000000084000000, 0x0000000084100000, 0x0000000084100000|100%|HC|  |TAMS 0x0000000084000000| PB 0x0000000084000000| Complete 
|  65|0x0000000084100000, 0x0000000084200000, 0x0000000084200000|100%|HC|  |TAMS 0x0000000084100000| PB 0x0000000084100000| Complete 
|  66|0x0000000084200000, 0x0000000084300000, 0x0000000084300000|100%| O|  |TAMS 0x0000000084200000| PB 0x0000000084200000| Untracked 
|  67|0x0000000084300000, 0x0000000084400000, 0x0000000084400000|100%| O|  |TAMS 0x0000000084300000| PB 0x0000000084300000| Untracked 
|  68|0x0000000084400000, 0x0000000084500000, 0x0000000084500000|100%| O|  |TAMS 0x0000000084400000| PB 0x0000000084400000| Untracked 
|  69|0x0000000084500000, 0x0000000084600000, 0x0000000084600000|100%| O|  |TAMS 0x0000000084500000| PB 0x0000000084500000| Untracked 
|  70|0x0000000084600000, 0x0000000084700000, 0x0000000084700000|100%| O|  |TAMS 0x0000000084600000| PB 0x0000000084600000| Untracked 
|  71|0x0000000084700000, 0x0000000084800000, 0x0000000084800000|100%| O|  |TAMS 0x0000000084700000| PB 0x0000000084700000| Untracked 
|  72|0x0000000084800000, 0x0000000084900000, 0x0000000084900000|100%| O|  |TAMS 0x0000000084800000| PB 0x0000000084800000| Untracked 
|  73|0x0000000084900000, 0x0000000084a00000, 0x0000000084a00000|100%| O|  |TAMS 0x0000000084900000| PB 0x0000000084900000| Untracked 
|  74|0x0000000084a00000, 0x0000000084b00000, 0x0000000084b00000|100%| O|  |TAMS 0x0000000084a00000| PB 0x0000000084a00000| Untracked 
|  75|0x0000000084b00000, 0x0000000084c00000, 0x0000000084c00000|100%| O|  |TAMS 0x0000000084b00000| PB 0x0000000084b00000| Untracked 
|  76|0x0000000084c00000, 0x0000000084d00000, 0x0000000084d00000|100%| O|  |TAMS 0x0000000084c00000| PB 0x0000000084c00000| Untracked 
|  77|0x0000000084d00000, 0x0000000084e00000, 0x0000000084e00000|100%| O|  |TAMS 0x0000000084d00000| PB 0x0000000084d00000| Untracked 
|  78|0x0000000084e00000, 0x0000000084f00000, 0x0000000084f00000|100%| O|  |TAMS 0x0000000084e00000| PB 0x0000000084e00000| Untracked 
|  79|0x0000000084f00000, 0x0000000085000000, 0x0000000085000000|100%| O|  |TAMS 0x0000000084f00000| PB 0x0000000084f00000| Untracked 
|  80|0x0000000085000000, 0x0000000085100000, 0x0000000085100000|100%| O|  |TAMS 0x0000000085000000| PB 0x0000000085000000| Untracked 
|  81|0x0000000085100000, 0x0000000085200000, 0x0000000085200000|100%| O|  |TAMS 0x0000000085100000| PB 0x0000000085100000| Untracked 
|  82|0x0000000085200000, 0x0000000085300000, 0x0000000085300000|100%| O|  |TAMS 0x0000000085200000| PB 0x0000000085200000| Untracked 
|  83|0x0000000085300000, 0x0000000085400000, 0x0000000085400000|100%| O|  |TAMS 0x0000000085300000| PB 0x0000000085300000| Untracked 
|  84|0x0000000085400000, 0x0000000085500000, 0x0000000085500000|100%| O|  |TAMS 0x0000000085400000| PB 0x0000000085400000| Untracked 
|  85|0x0000000085500000, 0x0000000085600000, 0x0000000085600000|100%| O|  |TAMS 0x0000000085500000| PB 0x0000000085500000| Untracked 
|  86|0x0000000085600000, 0x0000000085700000, 0x0000000085700000|100%| O|  |TAMS 0x0000000085600000| PB 0x0000000085600000| Untracked 
|  87|0x0000000085700000, 0x0000000085800000, 0x0000000085800000|100%| O|  |TAMS 0x0000000085700000| PB 0x0000000085700000| Untracked 
|  88|0x0000000085800000, 0x0000000085900000, 0x0000000085900000|100%| O|  |TAMS 0x0000000085800000| PB 0x0000000085800000| Untracked 
|  89|0x0000000085900000, 0x0000000085a00000, 0x0000000085a00000|100%| O|  |TAMS 0x0000000085900000| PB 0x0000000085900000| Untracked 
|  90|0x0000000085a00000, 0x0000000085b00000, 0x0000000085b00000|100%| O|  |TAMS 0x0000000085a00000| PB 0x0000000085a00000| Untracked 
|  91|0x0000000085b00000, 0x0000000085c00000, 0x0000000085c00000|100%| O|  |TAMS 0x0000000085b00000| PB 0x0000000085b00000| Untracked 
|  92|0x0000000085c00000, 0x0000000085d00000, 0x0000000085d00000|100%| O|  |TAMS 0x0000000085c00000| PB 0x0000000085c00000| Untracked 
|  93|0x0000000085d00000, 0x0000000085e00000, 0x0000000085e00000|100%| O|  |TAMS 0x0000000085d00000| PB 0x0000000085d00000| Untracked 
|  94|0x0000000085e00000, 0x0000000085f00000, 0x0000000085f00000|100%| O|  |TAMS 0x0000000085e00000| PB 0x0000000085e00000| Untracked 
|  95|0x0000000085f00000, 0x0000000086000000, 0x0000000086000000|100%| O|  |TAMS 0x0000000085f00000| PB 0x0000000085f00000| Untracked 
|  96|0x0000000086000000, 0x0000000086100000, 0x0000000086100000|100%| O|  |TAMS 0x0000000086000000| PB 0x0000000086000000| Untracked 
|  97|0x0000000086100000, 0x0000000086200000, 0x0000000086200000|100%| O|  |TAMS 0x0000000086100000| PB 0x0000000086100000| Untracked 
|  98|0x0000000086200000, 0x0000000086300000, 0x0000000086300000|100%| O|  |TAMS 0x0000000086200000| PB 0x0000000086200000| Untracked 
|  99|0x0000000086300000, 0x0000000086400000, 0x0000000086400000|100%| O|  |TAMS 0x0000000086300000| PB 0x0000000086300000| Untracked 
| 100|0x0000000086400000, 0x0000000086500000, 0x0000000086500000|100%| O|  |TAMS 0x0000000086400000| PB 0x0000000086400000| Untracked 
| 101|0x0000000086500000, 0x0000000086600000, 0x0000000086600000|100%| O|  |TAMS 0x0000000086500000| PB 0x0000000086500000| Untracked 
| 102|0x0000000086600000, 0x0000000086700000, 0x0000000086700000|100%| O|  |TAMS 0x0000000086600000| PB 0x0000000086600000| Untracked 
| 103|0x0000000086700000, 0x0000000086800000, 0x0000000086800000|100%| O|  |TAMS 0x0000000086700000| PB 0x0000000086700000| Untracked 
| 104|0x0000000086800000, 0x0000000086900000, 0x0000000086900000|100%| O|  |TAMS 0x0000000086800000| PB 0x0000000086800000| Untracked 
| 105|0x0000000086900000, 0x0000000086a00000, 0x0000000086a00000|100%| O|  |TAMS 0x0000000086900000| PB 0x0000000086900000| Untracked 
| 106|0x0000000086a00000, 0x0000000086b00000, 0x0000000086b00000|100%| O|  |TAMS 0x0000000086a00000| PB 0x0000000086a00000| Untracked 
| 107|0x0000000086b00000, 0x0000000086c00000, 0x0000000086c00000|100%| O|  |TAMS 0x0000000086b00000| PB 0x0000000086b00000| Untracked 
| 108|0x0000000086c00000, 0x0000000086d00000, 0x0000000086d00000|100%| O|  |TAMS 0x0000000086c00000| PB 0x0000000086c00000| Untracked 
| 109|0x0000000086d00000, 0x0000000086e00000, 0x0000000086e00000|100%| O|  |TAMS 0x0000000086d00000| PB 0x0000000086d00000| Untracked 
| 110|0x0000000086e00000, 0x0000000086f00000, 0x0000000086f00000|100%| O|  |TAMS 0x0000000086e00000| PB 0x0000000086e00000| Untracked 
| 111|0x0000000086f00000, 0x0000000087000000, 0x0000000087000000|100%|HS|  |TAMS 0x0000000086f00000| PB 0x0000000086f00000| Complete 
| 112|0x0000000087000000, 0x0000000087100000, 0x0000000087100000|100%|HC|  |TAMS 0x0000000087000000| PB 0x0000000087000000| Complete 
| 113|0x0000000087100000, 0x0000000087200000, 0x0000000087200000|100%| O|  |TAMS 0x0000000087100000| PB 0x0000000087100000| Untracked 
| 114|0x0000000087200000, 0x0000000087300000, 0x0000000087300000|100%| O|  |TAMS 0x0000000087200000| PB 0x0000000087200000| Untracked 
| 115|0x0000000087300000, 0x0000000087400000, 0x0000000087400000|100%| O|  |TAMS 0x0000000087300000| PB 0x0000000087300000| Untracked 
| 116|0x0000000087400000, 0x0000000087500000, 0x0000000087500000|100%| O|  |TAMS 0x0000000087400000| PB 0x0000000087400000| Untracked 
| 117|0x0000000087500000, 0x0000000087600000, 0x0000000087600000|100%| O|  |TAMS 0x0000000087500000| PB 0x0000000087500000| Untracked 
| 118|0x0000000087600000, 0x0000000087700000, 0x0000000087700000|100%| O|  |TAMS 0x0000000087600000| PB 0x0000000087600000| Untracked 
| 119|0x0000000087700000, 0x0000000087800000, 0x0000000087800000|100%| O|  |TAMS 0x0000000087700000| PB 0x0000000087700000| Untracked 
| 120|0x0000000087800000, 0x0000000087900000, 0x0000000087900000|100%| O|  |TAMS 0x0000000087800000| PB 0x0000000087800000| Untracked 
| 121|0x0000000087900000, 0x0000000087a00000, 0x0000000087a00000|100%| O|  |TAMS 0x0000000087900000| PB 0x0000000087900000| Untracked 
| 122|0x0000000087a00000, 0x0000000087b00000, 0x0000000087b00000|100%| O|  |TAMS 0x0000000087a00000| PB 0x0000000087a00000| Untracked 
| 123|0x0000000087b00000, 0x0000000087c00000, 0x0000000087c00000|100%| O|  |TAMS 0x0000000087b00000| PB 0x0000000087b00000| Untracked 
| 124|0x0000000087c00000, 0x0000000087d00000, 0x0000000087d00000|100%| O|  |TAMS 0x0000000087c00000| PB 0x0000000087c00000| Untracked 
| 125|0x0000000087d00000, 0x0000000087e00000, 0x0000000087e00000|100%| O|  |TAMS 0x0000000087d00000| PB 0x0000000087d00000| Untracked 
| 126|0x0000000087e00000, 0x0000000087f00000, 0x0000000087f00000|100%| O|  |TAMS 0x0000000087e00000| PB 0x0000000087e00000| Untracked 
| 127|0x0000000087f00000, 0x0000000088000000, 0x0000000088000000|100%| O|  |TAMS 0x0000000087f00000| PB 0x0000000087f00000| Untracked 
| 128|0x0000000088000000, 0x0000000088100000, 0x0000000088100000|100%| O|  |TAMS 0x0000000088000000| PB 0x0000000088000000| Untracked 
| 129|0x0000000088100000, 0x0000000088200000, 0x0000000088200000|100%| O|  |TAMS 0x0000000088100000| PB 0x0000000088100000| Untracked 
| 130|0x0000000088200000, 0x0000000088300000, 0x0000000088300000|100%| O|  |TAMS 0x0000000088200000| PB 0x0000000088200000| Untracked 
| 131|0x0000000088300000, 0x0000000088400000, 0x0000000088400000|100%| O|  |TAMS 0x0000000088300000| PB 0x0000000088300000| Untracked 
| 132|0x0000000088400000, 0x00000000884c8ac0, 0x0000000088500000| 78%| O|  |TAMS 0x0000000088400000| PB 0x0000000088400000| Untracked 
| 133|0x0000000088500000, 0x0000000088600000, 0x0000000088600000|100%| O|  |TAMS 0x0000000088500000| PB 0x0000000088500000| Untracked 
| 134|0x0000000088600000, 0x0000000088700000, 0x0000000088700000|100%| O|Cm|TAMS 0x0000000088600000| PB 0x0000000088600000| Complete 
| 135|0x0000000088700000, 0x0000000088800000, 0x0000000088800000|100%| O|  |TAMS 0x0000000088700000| PB 0x0000000088700000| Untracked 
| 136|0x0000000088800000, 0x0000000088900000, 0x0000000088900000|100%| O|  |TAMS 0x0000000088800000| PB 0x0000000088800000| Untracked 
| 137|0x0000000088900000, 0x0000000088a00000, 0x0000000088a00000|100%| O|Cm|TAMS 0x0000000088900000| PB 0x0000000088900000| Complete 
| 138|0x0000000088a00000, 0x0000000088b00000, 0x0000000088b00000|100%| O|  |TAMS 0x0000000088a00000| PB 0x0000000088a00000| Untracked 
| 139|0x0000000088b00000, 0x0000000088b00000, 0x0000000088c00000|  0%| F|  |TAMS 0x0000000088b00000| PB 0x0000000088b00000| Untracked 
| 140|0x0000000088c00000, 0x0000000088d00000, 0x0000000088d00000|100%| O|  |TAMS 0x0000000088c00000| PB 0x0000000088c00000| Untracked 
| 141|0x0000000088d00000, 0x0000000088e00000, 0x0000000088e00000|100%| O|  |TAMS 0x0000000088d00000| PB 0x0000000088d00000| Untracked 
| 142|0x0000000088e00000, 0x0000000088f00000, 0x0000000088f00000|100%| O|  |TAMS 0x0000000088e00000| PB 0x0000000088e00000| Untracked 
| 143|0x0000000088f00000, 0x0000000089000000, 0x0000000089000000|100%| O|  |TAMS 0x0000000088f00000| PB 0x0000000088f00000| Untracked 
| 144|0x0000000089000000, 0x0000000089000000, 0x0000000089100000|  0%| F|  |TAMS 0x0000000089000000| PB 0x0000000089000000| Untracked 
| 145|0x0000000089100000, 0x0000000089200000, 0x0000000089200000|100%| O|  |TAMS 0x0000000089100000| PB 0x0000000089100000| Untracked 
| 146|0x0000000089200000, 0x0000000089300000, 0x0000000089300000|100%| O|  |TAMS 0x0000000089200000| PB 0x0000000089200000| Untracked 
| 147|0x0000000089300000, 0x0000000089400000, 0x0000000089400000|100%| O|  |TAMS 0x0000000089300000| PB 0x0000000089300000| Untracked 
| 148|0x0000000089400000, 0x0000000089500000, 0x0000000089500000|100%| O|Cm|TAMS 0x0000000089400000| PB 0x0000000089400000| Complete 
| 149|0x0000000089500000, 0x0000000089600000, 0x0000000089600000|100%|HS|  |TAMS 0x0000000089500000| PB 0x0000000089500000| Complete 
| 150|0x0000000089600000, 0x0000000089700000, 0x0000000089700000|100%|HC|  |TAMS 0x0000000089600000| PB 0x0000000089600000| Complete 
| 151|0x0000000089700000, 0x0000000089800000, 0x0000000089800000|100%|HC|  |TAMS 0x0000000089700000| PB 0x0000000089700000| Complete 
| 152|0x0000000089800000, 0x0000000089900000, 0x0000000089900000|100%|HC|  |TAMS 0x0000000089800000| PB 0x0000000089800000| Complete 
| 153|0x0000000089900000, 0x0000000089a00000, 0x0000000089a00000|100%|HC|  |TAMS 0x0000000089900000| PB 0x0000000089900000| Complete 
| 154|0x0000000089a00000, 0x0000000089b00000, 0x0000000089b00000|100%|HC|  |TAMS 0x0000000089a00000| PB 0x0000000089a00000| Complete 
| 155|0x0000000089b00000, 0x0000000089c00000, 0x0000000089c00000|100%|HC|  |TAMS 0x0000000089b00000| PB 0x0000000089b00000| Complete 
| 156|0x0000000089c00000, 0x0000000089c00000, 0x0000000089d00000|  0%| F|  |TAMS 0x0000000089c00000| PB 0x0000000089c00000| Untracked 
| 157|0x0000000089d00000, 0x0000000089e00000, 0x0000000089e00000|100%| O|  |TAMS 0x0000000089d00000| PB 0x0000000089d00000| Untracked 
| 158|0x0000000089e00000, 0x0000000089f00000, 0x0000000089f00000|100%| O|  |TAMS 0x0000000089e00000| PB 0x0000000089e00000| Untracked 
| 159|0x0000000089f00000, 0x000000008a000000, 0x000000008a000000|100%| O|  |TAMS 0x0000000089f00000| PB 0x0000000089f00000| Untracked 
| 160|0x000000008a000000, 0x000000008a100000, 0x000000008a100000|100%| O|  |TAMS 0x000000008a000000| PB 0x000000008a000000| Untracked 
| 161|0x000000008a100000, 0x000000008a200000, 0x000000008a200000|100%| O|Cm|TAMS 0x000000008a100000| PB 0x000000008a100000| Complete 
| 162|0x000000008a200000, 0x000000008a300000, 0x000000008a300000|100%| O|  |TAMS 0x000000008a200000| PB 0x000000008a200000| Untracked 
| 163|0x000000008a300000, 0x000000008a400000, 0x000000008a400000|100%| O|Cm|TAMS 0x000000008a300000| PB 0x000000008a300000| Complete 
| 164|0x000000008a400000, 0x000000008a500000, 0x000000008a500000|100%| O|Cm|TAMS 0x000000008a400000| PB 0x000000008a400000| Complete 
| 165|0x000000008a500000, 0x000000008a600000, 0x000000008a600000|100%| O|  |TAMS 0x000000008a500000| PB 0x000000008a500000| Untracked 
| 166|0x000000008a600000, 0x000000008a700000, 0x000000008a700000|100%| O|  |TAMS 0x000000008a600000| PB 0x000000008a600000| Untracked 
| 167|0x000000008a700000, 0x000000008a800000, 0x000000008a800000|100%| O|  |TAMS 0x000000008a700000| PB 0x000000008a700000| Untracked 
| 168|0x000000008a800000, 0x000000008a900000, 0x000000008a900000|100%| O|  |TAMS 0x000000008a800000| PB 0x000000008a800000| Untracked 
| 169|0x000000008a900000, 0x000000008aa00000, 0x000000008aa00000|100%| O|  |TAMS 0x000000008a900000| PB 0x000000008a900000| Untracked 
| 170|0x000000008aa00000, 0x000000008ab00000, 0x000000008ab00000|100%| O|  |TAMS 0x000000008aa00000| PB 0x000000008aa00000| Untracked 
| 171|0x000000008ab00000, 0x000000008ac00000, 0x000000008ac00000|100%| O|  |TAMS 0x000000008ab00000| PB 0x000000008ab00000| Untracked 
| 172|0x000000008ac00000, 0x000000008ad00000, 0x000000008ad00000|100%| O|  |TAMS 0x000000008ac00000| PB 0x000000008ac00000| Untracked 
| 173|0x000000008ad00000, 0x000000008ae00000, 0x000000008ae00000|100%| O|  |TAMS 0x000000008ad00000| PB 0x000000008ad00000| Untracked 
| 174|0x000000008ae00000, 0x000000008af00000, 0x000000008af00000|100%| O|  |TAMS 0x000000008ae00000| PB 0x000000008ae00000| Untracked 
| 175|0x000000008af00000, 0x000000008b000000, 0x000000008b000000|100%| O|  |TAMS 0x000000008af00000| PB 0x000000008af00000| Untracked 
| 176|0x000000008b000000, 0x000000008b000000, 0x000000008b100000|  0%| F|  |TAMS 0x000000008b000000| PB 0x000000008b000000| Untracked 
| 177|0x000000008b100000, 0x000000008b100000, 0x000000008b200000|  0%| F|  |TAMS 0x000000008b100000| PB 0x000000008b100000| Untracked 
| 178|0x000000008b200000, 0x000000008b200000, 0x000000008b300000|  0%| F|  |TAMS 0x000000008b200000| PB 0x000000008b200000| Untracked 
| 179|0x000000008b300000, 0x000000008b300000, 0x000000008b400000|  0%| F|  |TAMS 0x000000008b300000| PB 0x000000008b300000| Untracked 
| 180|0x000000008b400000, 0x000000008b400000, 0x000000008b500000|  0%| F|  |TAMS 0x000000008b400000| PB 0x000000008b400000| Untracked 
| 181|0x000000008b500000, 0x000000008b500000, 0x000000008b600000|  0%| F|  |TAMS 0x000000008b500000| PB 0x000000008b500000| Untracked 
| 182|0x000000008b600000, 0x000000008b600000, 0x000000008b700000|  0%| F|  |TAMS 0x000000008b600000| PB 0x000000008b600000| Untracked 
| 183|0x000000008b700000, 0x000000008b800000, 0x000000008b800000|100%| S|CS|TAMS 0x000000008b700000| PB 0x000000008b700000| Complete 
| 184|0x000000008b800000, 0x000000008b900000, 0x000000008b900000|100%| S|CS|TAMS 0x000000008b800000| PB 0x000000008b800000| Complete 
| 185|0x000000008b900000, 0x000000008ba00000, 0x000000008ba00000|100%| S|CS|TAMS 0x000000008b900000| PB 0x000000008b900000| Complete 
| 186|0x000000008ba00000, 0x000000008ba00000, 0x000000008bb00000|  0%| F|  |TAMS 0x000000008ba00000| PB 0x000000008ba00000| Untracked 
| 187|0x000000008bb00000, 0x000000008bb00000, 0x000000008bc00000|  0%| F|  |TAMS 0x000000008bb00000| PB 0x000000008bb00000| Untracked 
| 188|0x000000008bc00000, 0x000000008bc00000, 0x000000008bd00000|  0%| F|  |TAMS 0x000000008bc00000| PB 0x000000008bc00000| Untracked 
| 189|0x000000008bd00000, 0x000000008bd00000, 0x000000008be00000|  0%| F|  |TAMS 0x000000008bd00000| PB 0x000000008bd00000| Untracked 
| 190|0x000000008be00000, 0x000000008bf00000, 0x000000008bf00000|100%| S|CS|TAMS 0x000000008be00000| PB 0x000000008be00000| Complete 
| 191|0x000000008bf00000, 0x000000008c000000, 0x000000008c000000|100%| S|CS|TAMS 0x000000008bf00000| PB 0x000000008bf00000| Complete 
| 192|0x000000008c000000, 0x000000008c000000, 0x000000008c100000|  0%| F|  |TAMS 0x000000008c000000| PB 0x000000008c000000| Untracked 
| 193|0x000000008c100000, 0x000000008c100000, 0x000000008c200000|  0%| F|  |TAMS 0x000000008c100000| PB 0x000000008c100000| Untracked 
| 194|0x000000008c200000, 0x000000008c200000, 0x000000008c300000|  0%| F|  |TAMS 0x000000008c200000| PB 0x000000008c200000| Untracked 
| 195|0x000000008c300000, 0x000000008c300000, 0x000000008c400000|  0%| F|  |TAMS 0x000000008c300000| PB 0x000000008c300000| Untracked 
| 196|0x000000008c400000, 0x000000008c500000, 0x000000008c500000|100%| S|CS|TAMS 0x000000008c400000| PB 0x000000008c400000| Complete 
| 197|0x000000008c500000, 0x000000008c600000, 0x000000008c600000|100%| S|CS|TAMS 0x000000008c500000| PB 0x000000008c500000| Complete 
| 198|0x000000008c600000, 0x000000008c700000, 0x000000008c700000|100%| S|CS|TAMS 0x000000008c600000| PB 0x000000008c600000| Complete 
| 199|0x000000008c700000, 0x000000008c800000, 0x000000008c800000|100%| S|CS|TAMS 0x000000008c700000| PB 0x000000008c700000| Complete 
| 200|0x000000008c800000, 0x000000008c900000, 0x000000008c900000|100%| S|CS|TAMS 0x000000008c800000| PB 0x000000008c800000| Complete 
| 201|0x000000008c900000, 0x000000008ca00000, 0x000000008ca00000|100%| S|CS|TAMS 0x000000008c900000| PB 0x000000008c900000| Complete 
| 202|0x000000008ca00000, 0x000000008cb00000, 0x000000008cb00000|100%| S|CS|TAMS 0x000000008ca00000| PB 0x000000008ca00000| Complete 
| 203|0x000000008cb00000, 0x000000008cb00000, 0x000000008cc00000|  0%| F|  |TAMS 0x000000008cb00000| PB 0x000000008cb00000| Untracked 
| 204|0x000000008cc00000, 0x000000008cc00000, 0x000000008cd00000|  0%| F|  |TAMS 0x000000008cc00000| PB 0x000000008cc00000| Untracked 
| 205|0x000000008cd00000, 0x000000008cd00000, 0x000000008ce00000|  0%| F|  |TAMS 0x000000008cd00000| PB 0x000000008cd00000| Untracked 
| 206|0x000000008ce00000, 0x000000008ce00000, 0x000000008cf00000|  0%| F|  |TAMS 0x000000008ce00000| PB 0x000000008ce00000| Untracked 
| 207|0x000000008cf00000, 0x000000008cf00000, 0x000000008d000000|  0%| F|  |TAMS 0x000000008cf00000| PB 0x000000008cf00000| Untracked 
| 208|0x000000008d000000, 0x000000008d000000, 0x000000008d100000|  0%| F|  |TAMS 0x000000008d000000| PB 0x000000008d000000| Untracked 
| 209|0x000000008d100000, 0x000000008d100000, 0x000000008d200000|  0%| F|  |TAMS 0x000000008d100000| PB 0x000000008d100000| Untracked 
| 210|0x000000008d200000, 0x000000008d200000, 0x000000008d300000|  0%| F|  |TAMS 0x000000008d200000| PB 0x000000008d200000| Untracked 
| 211|0x000000008d300000, 0x000000008d300000, 0x000000008d400000|  0%| F|  |TAMS 0x000000008d300000| PB 0x000000008d300000| Untracked 
| 212|0x000000008d400000, 0x000000008d400000, 0x000000008d500000|  0%| F|  |TAMS 0x000000008d400000| PB 0x000000008d400000| Untracked 
| 213|0x000000008d500000, 0x000000008d500000, 0x000000008d600000|  0%| F|  |TAMS 0x000000008d500000| PB 0x000000008d500000| Untracked 
| 214|0x000000008d600000, 0x000000008d600000, 0x000000008d700000|  0%| F|  |TAMS 0x000000008d600000| PB 0x000000008d600000| Untracked 
| 215|0x000000008d700000, 0x000000008d700000, 0x000000008d800000|  0%| F|  |TAMS 0x000000008d700000| PB 0x000000008d700000| Untracked 
| 216|0x000000008d800000, 0x000000008d800000, 0x000000008d900000|  0%| F|  |TAMS 0x000000008d800000| PB 0x000000008d800000| Untracked 
| 217|0x000000008d900000, 0x000000008d900000, 0x000000008da00000|  0%| F|  |TAMS 0x000000008d900000| PB 0x000000008d900000| Untracked 
| 218|0x000000008da00000, 0x000000008da00000, 0x000000008db00000|  0%| F|  |TAMS 0x000000008da00000| PB 0x000000008da00000| Untracked 
| 219|0x000000008db00000, 0x000000008db00000, 0x000000008dc00000|  0%| F|  |TAMS 0x000000008db00000| PB 0x000000008db00000| Untracked 
| 220|0x000000008dc00000, 0x000000008dc00000, 0x000000008dd00000|  0%| F|  |TAMS 0x000000008dc00000| PB 0x000000008dc00000| Untracked 
| 221|0x000000008dd00000, 0x000000008dd00000, 0x000000008de00000|  0%| F|  |TAMS 0x000000008dd00000| PB 0x000000008dd00000| Untracked 
| 222|0x000000008de00000, 0x000000008de00000, 0x000000008df00000|  0%| F|  |TAMS 0x000000008de00000| PB 0x000000008de00000| Untracked 
| 223|0x000000008df00000, 0x000000008df00000, 0x000000008e000000|  0%| F|  |TAMS 0x000000008df00000| PB 0x000000008df00000| Untracked 
| 224|0x000000008e000000, 0x000000008e000000, 0x000000008e100000|  0%| F|  |TAMS 0x000000008e000000| PB 0x000000008e000000| Untracked 
| 225|0x000000008e100000, 0x000000008e100000, 0x000000008e200000|  0%| F|  |TAMS 0x000000008e100000| PB 0x000000008e100000| Untracked 
| 226|0x000000008e200000, 0x000000008e200000, 0x000000008e300000|  0%| F|  |TAMS 0x000000008e200000| PB 0x000000008e200000| Untracked 
| 227|0x000000008e300000, 0x000000008e300000, 0x000000008e400000|  0%| F|  |TAMS 0x000000008e300000| PB 0x000000008e300000| Untracked 
| 228|0x000000008e400000, 0x000000008e400000, 0x000000008e500000|  0%| F|  |TAMS 0x000000008e400000| PB 0x000000008e400000| Untracked 
| 229|0x000000008e500000, 0x000000008e500000, 0x000000008e600000|  0%| F|  |TAMS 0x000000008e500000| PB 0x000000008e500000| Untracked 
| 230|0x000000008e600000, 0x000000008e600000, 0x000000008e700000|  0%| F|  |TAMS 0x000000008e600000| PB 0x000000008e600000| Untracked 
| 231|0x000000008e700000, 0x000000008e700000, 0x000000008e800000|  0%| F|  |TAMS 0x000000008e700000| PB 0x000000008e700000| Untracked 
| 232|0x000000008e800000, 0x000000008e800000, 0x000000008e900000|  0%| F|  |TAMS 0x000000008e800000| PB 0x000000008e800000| Untracked 
| 233|0x000000008e900000, 0x000000008e900000, 0x000000008ea00000|  0%| F|  |TAMS 0x000000008e900000| PB 0x000000008e900000| Untracked 
| 234|0x000000008ea00000, 0x000000008ea00000, 0x000000008eb00000|  0%| F|  |TAMS 0x000000008ea00000| PB 0x000000008ea00000| Untracked 
| 235|0x000000008eb00000, 0x000000008eb00000, 0x000000008ec00000|  0%| F|  |TAMS 0x000000008eb00000| PB 0x000000008eb00000| Untracked 
| 236|0x000000008ec00000, 0x000000008ec00000, 0x000000008ed00000|  0%| F|  |TAMS 0x000000008ec00000| PB 0x000000008ec00000| Untracked 
| 237|0x000000008ed00000, 0x000000008ed00000, 0x000000008ee00000|  0%| F|  |TAMS 0x000000008ed00000| PB 0x000000008ed00000| Untracked 
| 238|0x000000008ee00000, 0x000000008ee00000, 0x000000008ef00000|  0%| F|  |TAMS 0x000000008ee00000| PB 0x000000008ee00000| Untracked 
| 239|0x000000008ef00000, 0x000000008ef00000, 0x000000008f000000|  0%| F|  |TAMS 0x000000008ef00000| PB 0x000000008ef00000| Untracked 
| 240|0x000000008f000000, 0x000000008f000000, 0x000000008f100000|  0%| F|  |TAMS 0x000000008f000000| PB 0x000000008f000000| Untracked 
| 241|0x000000008f100000, 0x000000008f140010, 0x000000008f200000| 25%| E|  |TAMS 0x000000008f100000| PB 0x000000008f100000| Complete 
| 242|0x000000008f200000, 0x000000008f2c0030, 0x000000008f300000| 75%| E|  |TAMS 0x000000008f200000| PB 0x000000008f200000| Complete 
| 243|0x000000008f300000, 0x000000008f400000, 0x000000008f400000|100%| E|CS|TAMS 0x000000008f300000| PB 0x000000008f300000| Complete 
| 244|0x000000008f400000, 0x000000008f500000, 0x000000008f500000|100%| E|CS|TAMS 0x000000008f400000| PB 0x000000008f400000| Complete 
| 245|0x000000008f500000, 0x000000008f600000, 0x000000008f600000|100%| E|CS|TAMS 0x000000008f500000| PB 0x000000008f500000| Complete 
| 246|0x000000008f600000, 0x000000008f700000, 0x000000008f700000|100%| E|CS|TAMS 0x000000008f600000| PB 0x000000008f600000| Complete 
| 247|0x000000008f700000, 0x000000008f800000, 0x000000008f800000|100%| E|CS|TAMS 0x000000008f700000| PB 0x000000008f700000| Complete 
| 248|0x000000008f800000, 0x000000008f900000, 0x000000008f900000|100%| E|CS|TAMS 0x000000008f800000| PB 0x000000008f800000| Complete 
| 249|0x000000008f900000, 0x000000008fa00000, 0x000000008fa00000|100%| E|CS|TAMS 0x000000008f900000| PB 0x000000008f900000| Complete 
| 250|0x000000008fa00000, 0x000000008fb00000, 0x000000008fb00000|100%| E|CS|TAMS 0x000000008fa00000| PB 0x000000008fa00000| Complete 
| 251|0x000000008fb00000, 0x000000008fc00000, 0x000000008fc00000|100%| E|CS|TAMS 0x000000008fb00000| PB 0x000000008fb00000| Complete 
| 252|0x000000008fc00000, 0x000000008fd00000, 0x000000008fd00000|100%| E|CS|TAMS 0x000000008fc00000| PB 0x000000008fc00000| Complete 
| 253|0x000000008fd00000, 0x000000008fe00000, 0x000000008fe00000|100%| E|CS|TAMS 0x000000008fd00000| PB 0x000000008fd00000| Complete 
| 254|0x000000008fe00000, 0x000000008ff00000, 0x000000008ff00000|100%| E|CS|TAMS 0x000000008fe00000| PB 0x000000008fe00000| Complete 
| 255|0x000000008ff00000, 0x0000000090000000, 0x0000000090000000|100%| E|CS|TAMS 0x000000008ff00000| PB 0x000000008ff00000| Complete 
| 256|0x0000000090000000, 0x0000000090100000, 0x0000000090100000|100%| E|CS|TAMS 0x0000000090000000| PB 0x0000000090000000| Complete 
| 257|0x0000000090100000, 0x0000000090200000, 0x0000000090200000|100%| E|CS|TAMS 0x0000000090100000| PB 0x0000000090100000| Complete 
| 258|0x0000000090200000, 0x0000000090300000, 0x0000000090300000|100%| E|CS|TAMS 0x0000000090200000| PB 0x0000000090200000| Complete 
| 259|0x0000000090300000, 0x0000000090400000, 0x0000000090400000|100%| E|CS|TAMS 0x0000000090300000| PB 0x0000000090300000| Complete 
| 260|0x0000000090400000, 0x0000000090500000, 0x0000000090500000|100%| E|CS|TAMS 0x0000000090400000| PB 0x0000000090400000| Complete 
| 261|0x0000000090500000, 0x0000000090600000, 0x0000000090600000|100%| E|CS|TAMS 0x0000000090500000| PB 0x0000000090500000| Complete 
| 262|0x0000000090600000, 0x0000000090700000, 0x0000000090700000|100%| E|CS|TAMS 0x0000000090600000| PB 0x0000000090600000| Complete 
| 263|0x0000000090700000, 0x0000000090800000, 0x0000000090800000|100%| E|CS|TAMS 0x0000000090700000| PB 0x0000000090700000| Complete 
| 264|0x0000000090800000, 0x0000000090900000, 0x0000000090900000|100%| E|CS|TAMS 0x0000000090800000| PB 0x0000000090800000| Complete 
| 265|0x0000000090900000, 0x0000000090a00000, 0x0000000090a00000|100%| E|CS|TAMS 0x0000000090900000| PB 0x0000000090900000| Complete 
| 266|0x0000000090a00000, 0x0000000090b00000, 0x0000000090b00000|100%| E|CS|TAMS 0x0000000090a00000| PB 0x0000000090a00000| Complete 
| 267|0x0000000090b00000, 0x0000000090c00000, 0x0000000090c00000|100%| E|CS|TAMS 0x0000000090b00000| PB 0x0000000090b00000| Complete 
| 268|0x0000000090c00000, 0x0000000090d00000, 0x0000000090d00000|100%| E|CS|TAMS 0x0000000090c00000| PB 0x0000000090c00000| Complete 
| 269|0x0000000090d00000, 0x0000000090e00000, 0x0000000090e00000|100%| E|CS|TAMS 0x0000000090d00000| PB 0x0000000090d00000| Complete 
| 270|0x0000000090e00000, 0x0000000090f00000, 0x0000000090f00000|100%| E|CS|TAMS 0x0000000090e00000| PB 0x0000000090e00000| Complete 
| 271|0x0000000090f00000, 0x0000000091000000, 0x0000000091000000|100%| E|CS|TAMS 0x0000000090f00000| PB 0x0000000090f00000| Complete 
| 272|0x0000000091000000, 0x0000000091100000, 0x0000000091100000|100%| E|CS|TAMS 0x0000000091000000| PB 0x0000000091000000| Complete 
| 273|0x0000000091100000, 0x0000000091200000, 0x0000000091200000|100%| E|CS|TAMS 0x0000000091100000| PB 0x0000000091100000| Complete 
| 274|0x0000000091200000, 0x0000000091300000, 0x0000000091300000|100%| E|CS|TAMS 0x0000000091200000| PB 0x0000000091200000| Complete 
| 275|0x0000000091300000, 0x0000000091400000, 0x0000000091400000|100%| E|CS|TAMS 0x0000000091300000| PB 0x0000000091300000| Complete 
| 276|0x0000000091400000, 0x0000000091500000, 0x0000000091500000|100%| E|CS|TAMS 0x0000000091400000| PB 0x0000000091400000| Complete 
| 277|0x0000000091500000, 0x0000000091600000, 0x0000000091600000|100%| E|CS|TAMS 0x0000000091500000| PB 0x0000000091500000| Complete 
| 278|0x0000000091600000, 0x0000000091700000, 0x0000000091700000|100%| E|CS|TAMS 0x0000000091600000| PB 0x0000000091600000| Complete 
| 279|0x0000000091700000, 0x0000000091800000, 0x0000000091800000|100%| E|CS|TAMS 0x0000000091700000| PB 0x0000000091700000| Complete 
| 280|0x0000000091800000, 0x0000000091900000, 0x0000000091900000|100%| E|CS|TAMS 0x0000000091800000| PB 0x0000000091800000| Complete 
| 281|0x0000000091900000, 0x0000000091a00000, 0x0000000091a00000|100%| E|CS|TAMS 0x0000000091900000| PB 0x0000000091900000| Complete 
| 282|0x0000000091a00000, 0x0000000091b00000, 0x0000000091b00000|100%| E|CS|TAMS 0x0000000091a00000| PB 0x0000000091a00000| Complete 
| 283|0x0000000091b00000, 0x0000000091c00000, 0x0000000091c00000|100%| E|CS|TAMS 0x0000000091b00000| PB 0x0000000091b00000| Complete 
| 284|0x0000000091c00000, 0x0000000091d00000, 0x0000000091d00000|100%| E|CS|TAMS 0x0000000091c00000| PB 0x0000000091c00000| Complete 
| 285|0x0000000091d00000, 0x0000000091e00000, 0x0000000091e00000|100%| E|CS|TAMS 0x0000000091d00000| PB 0x0000000091d00000| Complete 
| 286|0x0000000091e00000, 0x0000000091f00000, 0x0000000091f00000|100%| E|CS|TAMS 0x0000000091e00000| PB 0x0000000091e00000| Complete 
| 287|0x0000000091f00000, 0x0000000092000000, 0x0000000092000000|100%| E|CS|TAMS 0x0000000091f00000| PB 0x0000000091f00000| Complete 
| 288|0x0000000092000000, 0x0000000092100000, 0x0000000092100000|100%| E|CS|TAMS 0x0000000092000000| PB 0x0000000092000000| Complete 
| 289|0x0000000092100000, 0x0000000092200000, 0x0000000092200000|100%| E|CS|TAMS 0x0000000092100000| PB 0x0000000092100000| Complete 
| 290|0x0000000092200000, 0x0000000092300000, 0x0000000092300000|100%| E|CS|TAMS 0x0000000092200000| PB 0x0000000092200000| Complete 
| 291|0x0000000092300000, 0x0000000092400000, 0x0000000092400000|100%| E|CS|TAMS 0x0000000092300000| PB 0x0000000092300000| Complete 
| 292|0x0000000092400000, 0x0000000092500000, 0x0000000092500000|100%| E|CS|TAMS 0x0000000092400000| PB 0x0000000092400000| Complete 
| 293|0x0000000092500000, 0x0000000092600000, 0x0000000092600000|100%| E|CS|TAMS 0x0000000092500000| PB 0x0000000092500000| Complete 
| 294|0x0000000092600000, 0x0000000092700000, 0x0000000092700000|100%| E|CS|TAMS 0x0000000092600000| PB 0x0000000092600000| Complete 
| 295|0x0000000092700000, 0x0000000092800000, 0x0000000092800000|100%| E|CS|TAMS 0x0000000092700000| PB 0x0000000092700000| Complete 
| 296|0x0000000092800000, 0x0000000092900000, 0x0000000092900000|100%| E|CS|TAMS 0x0000000092800000| PB 0x0000000092800000| Complete 
| 297|0x0000000092900000, 0x0000000092a00000, 0x0000000092a00000|100%| E|CS|TAMS 0x0000000092900000| PB 0x0000000092900000| Complete 
| 298|0x0000000092a00000, 0x0000000092b00000, 0x0000000092b00000|100%| E|CS|TAMS 0x0000000092a00000| PB 0x0000000092a00000| Complete 
| 299|0x0000000092b00000, 0x0000000092c00000, 0x0000000092c00000|100%| E|CS|TAMS 0x0000000092b00000| PB 0x0000000092b00000| Complete 
| 300|0x0000000092c00000, 0x0000000092d00000, 0x0000000092d00000|100%| E|CS|TAMS 0x0000000092c00000| PB 0x0000000092c00000| Complete 
|2037|0x00000000ff500000, 0x00000000ff600000, 0x00000000ff600000|100%| O|  |TAMS 0x00000000ff500000| PB 0x00000000ff500000| Untracked 
|2038|0x00000000ff600000, 0x00000000ff700000, 0x00000000ff700000|100%| E|CS|TAMS 0x00000000ff600000| PB 0x00000000ff600000| Complete 
|2039|0x00000000ff700000, 0x00000000ff800000, 0x00000000ff800000|100%| E|CS|TAMS 0x00000000ff700000| PB 0x00000000ff700000| Complete 
|2040|0x00000000ff800000, 0x00000000ff900000, 0x00000000ff900000|100%| O|  |TAMS 0x00000000ff800000| PB 0x00000000ff800000| Untracked 
|2041|0x00000000ff900000, 0x00000000ffa00000, 0x00000000ffa00000|100%| O|  |TAMS 0x00000000ff900000| PB 0x00000000ff900000| Untracked 
|2042|0x00000000ffa00000, 0x00000000ffb00000, 0x00000000ffb00000|100%| O|  |TAMS 0x00000000ffa00000| PB 0x00000000ffa00000| Untracked 
|2043|0x00000000ffb00000, 0x00000000ffc00000, 0x00000000ffc00000|100%| O|  |TAMS 0x00000000ffb00000| PB 0x00000000ffb00000| Untracked 
|2044|0x00000000ffc00000, 0x00000000ffd00000, 0x00000000ffd00000|100%| O|  |TAMS 0x00000000ffc00000| PB 0x00000000ffc00000| Untracked 
|2045|0x00000000ffd00000, 0x00000000ffe00000, 0x00000000ffe00000|100%| O|  |TAMS 0x00000000ffd00000| PB 0x00000000ffd00000| Untracked 
|2046|0x00000000ffe00000, 0x00000000fff00000, 0x00000000fff00000|100%| O|  |TAMS 0x00000000ffe00000| PB 0x00000000ffe00000| Untracked 
|2047|0x00000000fff00000, 0x0000000100000000, 0x0000000100000000|100%| O|  |TAMS 0x00000000fff00000| PB 0x00000000fff00000| Untracked 

Card table byte_map: [0x0000023bdb8d0000,0x0000023bdbcd0000] _byte_map_base: 0x0000023bdb4d0000

Marking Bits: (CMBitMap*) 0x0000023bc90ad460
 Bits: [0x0000023bdbcd0000, 0x0000023bddcd0000)

Polling page: 0x0000023bc6e60000

Metaspace:

Usage:
  Non-class:    114.03 MB used.
      Class:     18.82 MB used.
       Both:    132.85 MB used.

Virtual space:
  Non-class space:      128.00 MB reserved,     115.06 MB ( 90%) committed,  2 nodes.
      Class space:        1.00 GB reserved,      19.75 MB (  2%) committed,  1 nodes.
             Both:        1.12 GB reserved,     134.81 MB ( 12%) committed. 

Chunk freelists:
   Non-Class:  12.98 MB
       Class:  12.25 MB
        Both:  25.23 MB

MaxMetaspaceSize: unlimited
CompressedClassSpaceSize: 1.00 GB
Initial GC threshold: 21.00 MB
Current GC threshold: 218.88 MB
CDS: off
 - commit_granule_bytes: 65536.
 - commit_granule_words: 8192.
 - virtual_space_node_default_size: 8388608.
 - enlarge_chunks_in_place: 1.
 - use_allocation_guard: 0.


Internal statistics:

num_allocs_failed_limit: 9.
num_arena_births: 3960.
num_arena_deaths: 52.
num_vsnodes_births: 3.
num_vsnodes_deaths: 0.
num_space_committed: 2156.
num_space_uncommitted: 0.
num_chunks_returned_to_freelist: 77.
num_chunks_taken_from_freelist: 9543.
num_chunk_merges: 22.
num_chunk_splits: 6364.
num_chunks_enlarged: 4233.
num_inconsistent_stats: 0.

CodeHeap 'non-profiled nmethods': size=120000Kb used=14907Kb max_used=15826Kb free=105092Kb
 bounds [0x0000023bd3c70000, 0x0000023bd4bf0000, 0x0000023bdb1a0000]
CodeHeap 'profiled nmethods': size=120000Kb used=33667Kb max_used=39365Kb free=86332Kb
 bounds [0x0000023bcc1a0000, 0x0000023bce880000, 0x0000023bd36d0000]
CodeHeap 'non-nmethods': size=5760Kb used=2136Kb max_used=2249Kb free=3623Kb
 bounds [0x0000023bd36d0000, 0x0000023bd3940000, 0x0000023bd3c70000]
CodeCache: size=245760Kb, used=50710Kb, max_used=57440Kb, free=195047Kb
 total_blobs=16040, nmethods=15168, adapters=773, full_count=0
Compilation: enabled, stopped_count=0, restarted_count=0

Compilation events (20 events):
Event: 109.987 Thread 0x0000023be0879d10 21827       3       com.android.tools.r8.graph.n0::equals (57 bytes)
Event: 109.988 Thread 0x0000023be0879d10 nmethod 21827 0x0000023bcceb3010 code [0x0000023bcceb32e0, 0x0000023bcceb4570]
Event: 109.988 Thread 0x0000023be0879d10 21831       1       com.android.tools.r8.dex.code.v1::t (3 bytes)
Event: 109.988 Thread 0x0000023be0879d10 nmethod 21831 0x0000023bd4563090 code [0x0000023bd4563220, 0x0000023bd45632e8]
Event: 109.994 Thread 0x0000023beacbc280 nmethod 21620 0x0000023bd4621f10 code [0x0000023bd4622120, 0x0000023bd46227f0]
Event: 109.994 Thread 0x0000023beacbc280 21561       4       com.android.tools.r8.graph.z2$$Lambda/0x00000001012f4ca0::accept (16 bytes)
Event: 110.006 Thread 0x0000023beacbae10 nmethod 21560 0x0000023bd3dcae10 code [0x0000023bd3dcb0c0, 0x0000023bd3dcbd30]
Event: 110.006 Thread 0x0000023beacbae10 21686       4       com.android.tools.r8.graph.m0::a (7 bytes)
Event: 110.008 Thread 0x0000023beacbc280 nmethod 21561 0x0000023bd3ee2610 code [0x0000023bd3ee28c0, 0x0000023bd3ee3760]
Event: 110.008 Thread 0x0000023beacbc280 21835       4       java.nio.ByteBufferAsShortBufferL::put (32 bytes)
Event: 110.009 Thread 0x0000023beacbc280 nmethod 21835 0x0000023bd3d26310 code [0x0000023bd3d264a0, 0x0000023bd3d265f8]
Event: 110.009 Thread 0x0000023beacbc280 21840       4       java.nio.HeapByteBuffer::put (64 bytes)
Event: 110.011 Thread 0x0000023beacbc280 nmethod 21840 0x0000023bd3d28210 code [0x0000023bd3d283c0, 0x0000023bd3d286b8]
Event: 110.011 Thread 0x0000023beacbc280 21692       4       com.android.tools.r8.graph.E2::R (2 bytes)
Event: 110.011 Thread 0x0000023beacbc280 nmethod 21692 0x0000023bd3d27d90 code [0x0000023bd3d27f20, 0x0000023bd3d27fa8]
Event: 110.011 Thread 0x0000023beacbc280 21736       4       java.util.Collections$SetFromMap::size (10 bytes)
Event: 110.011 Thread 0x0000023beacbc280 nmethod 21736 0x0000023bd3d26010 code [0x0000023bd3d261a0, 0x0000023bd3d26250]
Event: 110.011 Thread 0x0000023beacbc280 21712       4       com.android.tools.r8.graph.S2::e1 (1 bytes)
Event: 110.011 Thread 0x0000023beacbc280 nmethod 21712 0x0000023bd3d25c10 code [0x0000023bd3d25da0, 0x0000023bd3d25e28]
Event: 110.012 Thread 0x0000023beacbae10 nmethod 21686 0x0000023bd4055610 code [0x0000023bd4055880, 0x0000023bd40562f8]

GC Heap History (20 events):
Event: 54.414 GC heap before
{Heap before GC invocations=58 (full 0):
 garbage-first heap   total 266240K, used 216702K [0x0000000080000000, 0x0000000100000000)
  region size 1024K, 56 young (57344K), 9 survivors (9216K)
 Metaspace       used 128030K, committed 130112K, reserved 1179648K
  class space    used 18187K, committed 19200K, reserved 1048576K
}
Event: 54.427 GC heap after
{Heap after GC invocations=59 (full 0):
 garbage-first heap   total 266240K, used 174697K [0x0000000080000000, 0x0000000100000000)
  region size 1024K, 4 young (4096K), 4 survivors (4096K)
 Metaspace       used 128030K, committed 130112K, reserved 1179648K
  class space    used 18187K, committed 19200K, reserved 1048576K
}
Event: 55.431 GC heap before
{Heap before GC invocations=59 (full 0):
 garbage-first heap   total 266240K, used 249449K [0x0000000080000000, 0x0000000100000000)
  region size 1024K, 71 young (72704K), 4 survivors (4096K)
 Metaspace       used 130795K, committed 132864K, reserved 1179648K
  class space    used 18566K, committed 19584K, reserved 1048576K
}
Event: 55.444 GC heap after
{Heap after GC invocations=60 (full 0):
 garbage-first heap   total 266240K, used 175136K [0x0000000080000000, 0x0000000100000000)
  region size 1024K, 9 young (9216K), 9 survivors (9216K)
 Metaspace       used 130795K, committed 132864K, reserved 1179648K
  class space    used 18566K, committed 19584K, reserved 1048576K
}
Event: 56.002 GC heap before
{Heap before GC invocations=60 (full 0):
 garbage-first heap   total 266240K, used 241696K [0x0000000080000000, 0x0000000100000000)
  region size 1024K, 75 young (76800K), 9 survivors (9216K)
 Metaspace       used 131594K, committed 133632K, reserved 1179648K
  class space    used 18658K, committed 19648K, reserved 1048576K
}
Event: 56.301 GC heap after
{Heap after GC invocations=61 (full 0):
 garbage-first heap   total 319488K, used 178884K [0x0000000080000000, 0x0000000100000000)
  region size 1024K, 4 young (4096K), 4 survivors (4096K)
 Metaspace       used 131594K, committed 133632K, reserved 1179648K
  class space    used 18658K, committed 19648K, reserved 1048576K
}
Event: 69.843 GC heap before
{Heap before GC invocations=62 (full 0):
 garbage-first heap   total 319488K, used 291524K [0x0000000080000000, 0x0000000100000000)
  region size 1024K, 115 young (117760K), 4 survivors (4096K)
 Metaspace       used 132181K, committed 134208K, reserved 1179648K
  class space    used 18714K, committed 19712K, reserved 1048576K
}
Event: 69.851 GC heap after
{Heap after GC invocations=63 (full 0):
 garbage-first heap   total 319488K, used 184457K [0x0000000080000000, 0x0000000100000000)
  region size 1024K, 10 young (10240K), 10 survivors (10240K)
 Metaspace       used 132181K, committed 134208K, reserved 1179648K
  class space    used 18714K, committed 19712K, reserved 1048576K
}
Event: 77.358 GC heap before
{Heap before GC invocations=63 (full 0):
 garbage-first heap   total 319488K, used 290953K [0x0000000080000000, 0x0000000100000000)
  region size 1024K, 114 young (116736K), 10 survivors (10240K)
 Metaspace       used 132325K, committed 134400K, reserved 1179648K
  class space    used 18719K, committed 19712K, reserved 1048576K
}
Event: 77.372 GC heap after
{Heap after GC invocations=64 (full 0):
 garbage-first heap   total 319488K, used 186317K [0x0000000080000000, 0x0000000100000000)
  region size 1024K, 10 young (10240K), 10 survivors (10240K)
 Metaspace       used 132325K, committed 134400K, reserved 1179648K
  class space    used 18719K, committed 19712K, reserved 1048576K
}
Event: 83.141 GC heap before
{Heap before GC invocations=64 (full 0):
 garbage-first heap   total 319488K, used 291789K [0x0000000080000000, 0x0000000100000000)
  region size 1024K, 113 young (115712K), 10 survivors (10240K)
 Metaspace       used 132460K, committed 134464K, reserved 1179648K
  class space    used 18732K, committed 19712K, reserved 1048576K
}
Event: 83.151 GC heap after
{Heap after GC invocations=65 (full 0):
 garbage-first heap   total 319488K, used 189645K [0x0000000080000000, 0x0000000100000000)
  region size 1024K, 8 young (8192K), 8 survivors (8192K)
 Metaspace       used 132460K, committed 134464K, reserved 1179648K
  class space    used 18732K, committed 19712K, reserved 1048576K
}
Event: 87.683 GC heap before
{Heap before GC invocations=66 (full 0):
 garbage-first heap   total 319488K, used 293069K [0x0000000080000000, 0x0000000100000000)
  region size 1024K, 109 young (111616K), 8 survivors (8192K)
 Metaspace       used 132489K, committed 134464K, reserved 1179648K
  class space    used 18732K, committed 19712K, reserved 1048576K
}
Event: 87.692 GC heap after
{Heap after GC invocations=67 (full 0):
 garbage-first heap   total 319488K, used 191596K [0x0000000080000000, 0x0000000100000000)
  region size 1024K, 10 young (10240K), 10 survivors (10240K)
 Metaspace       used 132489K, committed 134464K, reserved 1179648K
  class space    used 18732K, committed 19712K, reserved 1048576K
}
Event: 89.591 GC heap before
{Heap before GC invocations=67 (full 0):
 garbage-first heap   total 319488K, used 290924K [0x0000000080000000, 0x0000000100000000)
  region size 1024K, 107 young (109568K), 10 survivors (10240K)
 Metaspace       used 132542K, committed 134528K, reserved 1179648K
  class space    used 18739K, committed 19712K, reserved 1048576K
}
Event: 89.601 GC heap after
{Heap after GC invocations=68 (full 0):
 garbage-first heap   total 319488K, used 190038K [0x0000000080000000, 0x0000000100000000)
  region size 1024K, 7 young (7168K), 7 survivors (7168K)
 Metaspace       used 132542K, committed 134528K, reserved 1179648K
  class space    used 18739K, committed 19712K, reserved 1048576K
}
Event: 91.136 GC heap before
{Heap before GC invocations=68 (full 0):
 garbage-first heap   total 319488K, used 294486K [0x0000000080000000, 0x0000000100000000)
  region size 1024K, 109 young (111616K), 7 survivors (7168K)
 Metaspace       used 132575K, committed 134528K, reserved 1179648K
  class space    used 18743K, committed 19712K, reserved 1048576K
}
Event: 91.142 GC heap after
{Heap after GC invocations=69 (full 0):
 garbage-first heap   total 319488K, used 191398K [0x0000000080000000, 0x0000000100000000)
  region size 1024K, 8 young (8192K), 8 survivors (8192K)
 Metaspace       used 132575K, committed 134528K, reserved 1179648K
  class space    used 18743K, committed 19712K, reserved 1048576K
}
Event: 103.468 GC heap before
{Heap before GC invocations=70 (full 0):
 garbage-first heap   total 319488K, used 293798K [0x0000000080000000, 0x0000000100000000)
  region size 1024K, 108 young (110592K), 8 survivors (8192K)
 Metaspace       used 135652K, committed 137664K, reserved 1179648K
  class space    used 19244K, committed 20224K, reserved 1048576K
}
Event: 104.449 GC heap after
{Heap after GC invocations=71 (full 0):
 garbage-first heap   total 319488K, used 198434K [0x0000000080000000, 0x0000000100000000)
  region size 1024K, 12 young (12288K), 12 survivors (12288K)
 Metaspace       used 135652K, committed 137664K, reserved 1179648K
  class space    used 19244K, committed 20224K, reserved 1048576K
}

Dll operation events (3 events):
Event: 0.032 Loaded shared library C:\Program Files\Android\Android Studio\jbr\bin\java.dll
Event: 0.040 Loaded shared library C:\Program Files\Android\Android Studio\jbr\bin\zip.dll
Event: 0.774 Loaded shared library C:\Program Files\Android\Android Studio\jbr\bin\verify.dll

Deoptimization events (20 events):
Event: 109.955 Thread 0x0000023beaf77150 Uncommon trap: reason=class_check action=maybe_recompile pc=0x0000023bd4513320 method=java.util.function.Function.lambda$andThen$1(Ljava/util/function/Function;Ljava/lang/Object;)Ljava/lang/Object; @ 8 c2
Event: 109.955 Thread 0x0000023beaf777e0 Uncommon trap: reason=unstable_if action=reinterpret pc=0x0000023bd451339c method=com.android.tools.r8.utils.structural.b.b(Ljava/util/function/Function;Lcom/android/tools/r8/utils/structural/v;Lcom/android/tools/r8/utils/structural/w;)Lcom/android/tools/
Event: 109.970 Thread 0x0000023beaf77e70 DEOPT PACKING pc=0x0000023bd4513320 sp=0x0000006c16afcee0
Event: 109.970 Thread 0x0000023beaf77e70 DEOPT UNPACKING pc=0x0000023bd37246a2 sp=0x0000006c16afcdc0 mode 2
Event: 109.970 Thread 0x0000023beaf77150 DEOPT PACKING pc=0x0000023bd4513320 sp=0x0000006c169fcc80
Event: 109.971 Thread 0x0000023beaf77150 DEOPT UNPACKING pc=0x0000023bd37246a2 sp=0x0000006c169fcb60 mode 2
Event: 109.971 Thread 0x0000023beaf77e70 Uncommon trap: trap_request=0xffffffde fr.pc=0x0000023bd4063a9c relative=0x000000000000023c
Event: 109.971 Thread 0x0000023beaf77e70 Uncommon trap: reason=class_check action=maybe_recompile pc=0x0000023bd4063a9c method=java.util.function.Function.lambda$andThen$1(Ljava/util/function/Function;Ljava/lang/Object;)Ljava/lang/Object; @ 8 c2
Event: 109.971 Thread 0x0000023beaf77150 Uncommon trap: trap_request=0xffffffde fr.pc=0x0000023bd4063a9c relative=0x000000000000023c
Event: 109.971 Thread 0x0000023beaf77e70 DEOPT PACKING pc=0x0000023bd4063a9c sp=0x0000006c16afcea0
Event: 109.971 Thread 0x0000023beaf77150 Uncommon trap: reason=class_check action=maybe_recompile pc=0x0000023bd4063a9c method=java.util.function.Function.lambda$andThen$1(Ljava/util/function/Function;Ljava/lang/Object;)Ljava/lang/Object; @ 8 c2
Event: 109.971 Thread 0x0000023beaf77150 DEOPT PACKING pc=0x0000023bd4063a9c sp=0x0000006c169fcc40
Event: 109.971 Thread 0x0000023beaf77e70 DEOPT UNPACKING pc=0x0000023bd37246a2 sp=0x0000006c16afcdc8 mode 2
Event: 109.971 Thread 0x0000023beaf77150 DEOPT UNPACKING pc=0x0000023bd37246a2 sp=0x0000006c169fcb68 mode 2
Event: 109.971 Thread 0x0000023beaf777e0 DEOPT PACKING pc=0x0000023bd451339c sp=0x0000006c168fce00
Event: 109.971 Thread 0x0000023beaf777e0 DEOPT UNPACKING pc=0x0000023bd37246a2 sp=0x0000006c168fcde0 mode 2
Event: 109.975 Thread 0x0000023beaf77150 Uncommon trap: trap_request=0xffffff45 fr.pc=0x0000023bd45eb0f4 relative=0x0000000000001914
Event: 109.975 Thread 0x0000023beaf77150 Uncommon trap: reason=unstable_if action=reinterpret pc=0x0000023bd45eb0f4 method=com.android.tools.r8.internal.V4.c(Ljava/lang/Object;Ljava/lang/Object;)Ljava/lang/Object; @ 9 c2
Event: 109.975 Thread 0x0000023beaf77150 DEOPT PACKING pc=0x0000023bd45eb0f4 sp=0x0000006c169fd360
Event: 109.975 Thread 0x0000023beaf77150 DEOPT UNPACKING pc=0x0000023bd37246a2 sp=0x0000006c169fd258 mode 2

Classes loaded (20 events):
Event: 54.645 Loading class java/util/AbstractList$SubList
Event: 54.677 Loading class java/util/AbstractList$SubList done
Event: 54.677 Loading class java/util/AbstractList$SubList$1
Event: 54.680 Loading class java/util/AbstractList$SubList$1 done
Event: 55.527 Loading class java/nio/ShortBuffer
Event: 55.528 Loading class java/nio/ShortBuffer done
Event: 55.628 Loading class java/nio/ByteBufferAsShortBufferL
Event: 55.629 Loading class java/nio/ByteBufferAsShortBufferL done
Event: 55.801 Loading class java/util/zip/Adler32
Event: 55.802 Loading class java/util/zip/Adler32 done
Event: 55.838 Loading class java/util/zip/Deflater
Event: 55.838 Loading class java/util/zip/Deflater done
Event: 55.839 Loading class java/util/zip/Deflater$DeflaterZStreamRef
Event: 55.840 Loading class java/util/zip/Deflater$DeflaterZStreamRef done
Event: 55.841 Loading class java/util/zip/ZipOutputStream$XEntry
Event: 55.841 Loading class java/util/zip/ZipOutputStream$XEntry done
Event: 55.884 Loading class java/util/Vector$Itr
Event: 55.885 Loading class java/util/Vector$Itr done
Event: 106.840 Loading class java/nio/file/Path$1
Event: 106.947 Loading class java/nio/file/Path$1 done

Classes unloaded (20 events):
Event: 56.542 Thread 0x0000023be075c950 Unloading class 0x00000001011f1400 'java/lang/invoke/LambdaForm$DMH+0x00000001011f1400'
Event: 56.542 Thread 0x0000023be075c950 Unloading class 0x00000001011f1000 'java/lang/invoke/LambdaForm$DMH+0x00000001011f1000'
Event: 56.542 Thread 0x0000023be075c950 Unloading class 0x00000001011f0c00 'java/lang/invoke/LambdaForm$DMH+0x00000001011f0c00'
Event: 56.542 Thread 0x0000023be075c950 Unloading class 0x00000001011f0800 'java/lang/invoke/LambdaForm$DMH+0x00000001011f0800'
Event: 56.542 Thread 0x0000023be075c950 Unloading class 0x00000001011f0400 'java/lang/invoke/LambdaForm$DMH+0x00000001011f0400'
Event: 56.542 Thread 0x0000023be075c950 Unloading class 0x00000001011d4400 'java/lang/invoke/LambdaForm$DMH+0x00000001011d4400'
Event: 56.542 Thread 0x0000023be075c950 Unloading class 0x00000001011cd800 'java/lang/invoke/LambdaForm$DMH+0x00000001011cd800'
Event: 56.542 Thread 0x0000023be075c950 Unloading class 0x00000001011cd000 'java/lang/invoke/LambdaForm$DMH+0x00000001011cd000'
Event: 56.542 Thread 0x0000023be075c950 Unloading class 0x00000001011cd400 'java/lang/invoke/LambdaForm$DMH+0x00000001011cd400'
Event: 56.542 Thread 0x0000023be075c950 Unloading class 0x00000001011cc800 'java/lang/invoke/LambdaForm$DMH+0x00000001011cc800'
Event: 56.542 Thread 0x0000023be075c950 Unloading class 0x00000001011ccc00 'java/lang/invoke/LambdaForm$DMH+0x00000001011ccc00'
Event: 56.542 Thread 0x0000023be075c950 Unloading class 0x0000000101164800 'java/lang/invoke/LambdaForm$DMH+0x0000000101164800'
Event: 56.542 Thread 0x0000023be075c950 Unloading class 0x0000000101164400 'java/lang/invoke/LambdaForm$DMH+0x0000000101164400'
Event: 56.542 Thread 0x0000023be075c950 Unloading class 0x0000000101104800 'java/lang/invoke/LambdaForm$DMH+0x0000000101104800'
Event: 83.260 Thread 0x0000023be075c950 Unloading class 0x00000001012ce000 'java/lang/invoke/LambdaForm$DMH+0x00000001012ce000'
Event: 83.260 Thread 0x0000023be075c950 Unloading class 0x00000001012cd800 'java/lang/invoke/LambdaForm$DMH+0x00000001012cd800'
Event: 83.260 Thread 0x0000023be075c950 Unloading class 0x00000001012cd400 'java/lang/invoke/LambdaForm$MH+0x00000001012cd400'
Event: 83.260 Thread 0x0000023be075c950 Unloading class 0x00000001012ccc00 'java/lang/invoke/LambdaForm$DMH+0x00000001012ccc00'
Event: 83.260 Thread 0x0000023be075c950 Unloading class 0x0000000101280800 'java/lang/invoke/LambdaForm$DMH+0x0000000101280800'
Event: 83.260 Thread 0x0000023be075c950 Unloading class 0x0000000101280400 'java/lang/invoke/LambdaForm$DMH+0x0000000101280400'

Classes redefined (0 events):
No events

Internal exceptions (20 events):
Event: 106.854 Thread 0x0000023beaf77e70 Exception <a 'sun/nio/fs/WindowsException'{0x000000009088e3d8}> (0x000000009088e3d8) 
thrown [s\src\hotspot\share\prims\jni.cpp, line 537]
Event: 106.854 Thread 0x0000023beaf77e70 Exception <a 'sun/nio/fs/WindowsException'{0x000000009088ee60}> (0x000000009088ee60) 
thrown [s\src\hotspot\share\prims\jni.cpp, line 537]
Event: 106.854 Thread 0x0000023beaf77150 Exception <a 'sun/nio/fs/WindowsException'{0x00000000909642a0}> (0x00000000909642a0) 
thrown [s\src\hotspot\share\prims\jni.cpp, line 537]
Event: 106.854 Thread 0x0000023beaf77150 Exception <a 'sun/nio/fs/WindowsException'{0x0000000090964d28}> (0x0000000090964d28) 
thrown [s\src\hotspot\share\prims\jni.cpp, line 537]
Event: 106.948 Thread 0x0000023beaf777e0 Exception <a 'sun/nio/fs/WindowsException'{0x0000000090dd48a8}> (0x0000000090dd48a8) 
thrown [s\src\hotspot\share\prims\jni.cpp, line 537]
Event: 107.119 Thread 0x0000023beaf78500 Exception <a 'sun/nio/fs/WindowsException'{0x0000000090ca8b10}> (0x0000000090ca8b10) 
thrown [s\src\hotspot\share\prims\jni.cpp, line 537]
Event: 107.119 Thread 0x0000023beaf77150 Exception <a 'sun/nio/fs/WindowsException'{0x00000000908b3528}> (0x00000000908b3528) 
thrown [s\src\hotspot\share\prims\jni.cpp, line 537]
Event: 107.119 Thread 0x0000023beaf777e0 Exception <a 'sun/nio/fs/WindowsException'{0x0000000090dd56a8}> (0x0000000090dd56a8) 
thrown [s\src\hotspot\share\prims\jni.cpp, line 537]
Event: 107.120 Thread 0x0000023beaf77150 Exception <a 'sun/nio/fs/WindowsException'{0x00000000908b4328}> (0x00000000908b4328) 
thrown [s\src\hotspot\share\prims\jni.cpp, line 537]
Event: 107.121 Thread 0x0000023beaf78500 Exception <a 'sun/nio/fs/WindowsException'{0x0000000090ca9910}> (0x0000000090ca9910) 
thrown [s\src\hotspot\share\prims\jni.cpp, line 537]
Event: 107.235 Thread 0x0000023beaf78500 Exception <a 'sun/nio/fs/WindowsException'{0x0000000090caa748}> (0x0000000090caa748) 
thrown [s\src\hotspot\share\prims\jni.cpp, line 537]
Event: 107.236 Thread 0x0000023beaf77150 Exception <a 'sun/nio/fs/WindowsException'{0x00000000908b5160}> (0x00000000908b5160) 
thrown [s\src\hotspot\share\prims\jni.cpp, line 537]
Event: 107.238 Thread 0x0000023beaf777e0 Exception <a 'sun/nio/fs/WindowsException'{0x0000000090dd64e0}> (0x0000000090dd64e0) 
thrown [s\src\hotspot\share\prims\jni.cpp, line 537]
Event: 107.809 Thread 0x0000023beaf78500 Exception <a 'sun/nio/fs/WindowsException'{0x0000000090cb2d78}> (0x0000000090cb2d78) 
thrown [s\src\hotspot\share\prims\jni.cpp, line 537]
Event: 108.007 Thread 0x0000023beaf78500 Exception <a 'sun/nio/fs/WindowsException'{0x0000000090cb9000}> (0x0000000090cb9000) 
thrown [s\src\hotspot\share\prims\jni.cpp, line 537]
Event: 108.007 Thread 0x0000023beaf78500 Exception <a 'sun/nio/fs/WindowsException'{0x0000000090cb9ac0}> (0x0000000090cb9ac0) 
thrown [s\src\hotspot\share\prims\jni.cpp, line 537]
Event: 108.370 Thread 0x0000023beaf78500 Exception <a 'sun/nio/fs/WindowsException'{0x00000000906c5820}> (0x00000000906c5820) 
thrown [s\src\hotspot\share\prims\jni.cpp, line 537]
Event: 108.563 Thread 0x0000023beaf78500 Exception <a 'sun/nio/fs/WindowsException'{0x00000000906cce20}> (0x00000000906cce20) 
thrown [s\src\hotspot\share\prims\jni.cpp, line 537]
Event: 109.974 Thread 0x0000023beaf77e70 Exception <a 'sun/nio/fs/WindowsException'{0x00000000908b0988}> (0x00000000908b0988) 
thrown [s\src\hotspot\share\prims\jni.cpp, line 537]
Event: 109.980 Thread 0x0000023beaf77150 Exception <a 'sun/nio/fs/WindowsException'{0x00000000905ce4e8}> (0x00000000905ce4e8) 
thrown [s\src\hotspot\share\prims\jni.cpp, line 537]

ZGC Phase Switch (0 events):
No events

VM Operations (20 events):
Event: 103.247 Executing VM operation: HandshakeAllThreads (Deoptimize)
Event: 103.262 Executing VM operation: HandshakeAllThreads (Deoptimize) done
Event: 103.262 Executing VM operation: Cleanup
Event: 103.262 Executing VM operation: Cleanup done
Event: 103.468 Executing VM operation: G1CollectForAllocation (G1 Evacuation Pause)
Event: 104.449 Executing VM operation: G1CollectForAllocation (G1 Evacuation Pause) done
Event: 105.450 Executing VM operation: Cleanup
Event: 105.481 Executing VM operation: Cleanup done
Event: 105.753 Executing VM operation: HandshakeAllThreads (Deoptimize)
Event: 105.754 Executing VM operation: HandshakeAllThreads (Deoptimize) done
Event: 105.793 Executing VM operation: ICBufferFull
Event: 105.793 Executing VM operation: ICBufferFull done
Event: 105.794 Executing VM operation: ICBufferFull
Event: 105.794 Executing VM operation: ICBufferFull done
Event: 106.807 Executing VM operation: Cleanup
Event: 106.837 Executing VM operation: Cleanup done
Event: 107.850 Executing VM operation: Cleanup
Event: 107.850 Executing VM operation: Cleanup done
Event: 108.864 Executing VM operation: Cleanup
Event: 109.970 Executing VM operation: Cleanup done

Memory protections (0 events):
No events

Nmethod flushes (20 events):
Event: 91.293 Thread 0x0000023be075c950 flushing  nmethod 0x0000023bcdf8ee10
Event: 91.293 Thread 0x0000023be075c950 flushing  nmethod 0x0000023bcdf91d90
Event: 91.293 Thread 0x0000023be075c950 flushing  nmethod 0x0000023bcdf92a10
Event: 91.293 Thread 0x0000023be075c950 flushing  nmethod 0x0000023bcdf9a910
Event: 91.293 Thread 0x0000023be075c950 flushing  nmethod 0x0000023bcdf9c210
Event: 91.293 Thread 0x0000023be075c950 flushing  nmethod 0x0000023bcdfec690
Event: 91.293 Thread 0x0000023be075c950 flushing  nmethod 0x0000023bcdfed410
Event: 91.293 Thread 0x0000023be075c950 flushing  nmethod 0x0000023bcdfee890
Event: 91.293 Thread 0x0000023be075c950 flushing  nmethod 0x0000023bcdfeed90
Event: 91.293 Thread 0x0000023be075c950 flushing  nmethod 0x0000023bcdfef590
Event: 91.293 Thread 0x0000023be075c950 flushing  nmethod 0x0000023bcdff0190
Event: 91.293 Thread 0x0000023be075c950 flushing  nmethod 0x0000023bcdff0c10
Event: 91.293 Thread 0x0000023be075c950 flushing  nmethod 0x0000023bcdff1b90
Event: 91.293 Thread 0x0000023be075c950 flushing  nmethod 0x0000023bcdff3b90
Event: 91.293 Thread 0x0000023be075c950 flushing  nmethod 0x0000023bcdff4490
Event: 91.293 Thread 0x0000023be075c950 flushing  nmethod 0x0000023bce0a6410
Event: 91.293 Thread 0x0000023be075c950 flushing  nmethod 0x0000023bce0a6790
Event: 91.293 Thread 0x0000023be075c950 flushing  nmethod 0x0000023bce1cb890
Event: 91.293 Thread 0x0000023be075c950 flushing  nmethod 0x0000023bce302f90
Event: 91.293 Thread 0x0000023be075c950 flushing  nmethod 0x0000023bce33df90

Events (20 events):
Event: 82.097 Thread 0x0000023be0879d10 Thread added: 0x0000023beacba070
Event: 86.080 Thread 0x0000023beacba070 Thread exited: 0x0000023beacba070
Event: 86.093 Thread 0x0000023be0879d10 Thread added: 0x0000023beacbae10
Event: 86.254 Thread 0x0000023be0879d10 Thread added: 0x0000023beacba070
Event: 87.242 Thread 0x0000023beacba070 Thread exited: 0x0000023beacba070
Event: 87.674 Thread 0x0000023beacbae10 Thread exited: 0x0000023beacbae10
Event: 87.693 Thread 0x0000023be0879d10 Thread added: 0x0000023beacbae10
Event: 88.250 Thread 0x0000023beacbae10 Thread exited: 0x0000023beacbae10
Event: 88.263 Thread 0x0000023be0879d10 Thread added: 0x0000023beacbae10
Event: 92.056 Thread 0x0000023beacbae10 Thread exited: 0x0000023beacbae10
Event: 92.333 Thread 0x0000023be0879d10 Thread added: 0x0000023beacbc280
Event: 92.464 Thread 0x0000023be0879d10 Thread added: 0x0000023beacb8c00
Event: 94.166 Thread 0x0000023beacb8c00 Thread exited: 0x0000023beacb8c00
Event: 94.166 Thread 0x0000023beacbc280 Thread exited: 0x0000023beacbc280
Event: 103.223 Thread 0x0000023be0879d10 Thread added: 0x0000023beacb8c00
Event: 103.348 Thread 0x0000023beacb8c00 Thread added: 0x0000023beacbc280
Event: 105.755 Thread 0x0000023beacbc280 Thread exited: 0x0000023beacbc280
Event: 105.755 Thread 0x0000023beacb8c00 Thread exited: 0x0000023beacb8c00
Event: 105.766 Thread 0x0000023be0879d10 Thread added: 0x0000023beacbae10
Event: 105.772 Thread 0x0000023be0879d10 Thread added: 0x0000023beacbc280


Dynamic libraries:
0x00007ff61c840000 - 0x00007ff61c84a000 	C:\Program Files\Android\Android Studio\jbr\bin\java.exe
0x00007ffe53d60000 - 0x00007ffe53fc7000 	C:\WINDOWS\SYSTEM32\ntdll.dll
0x00007ffe53270000 - 0x00007ffe53339000 	C:\WINDOWS\System32\KERNEL32.DLL
0x00007ffe51170000 - 0x00007ffe5155f000 	C:\WINDOWS\System32\KERNELBASE.dll
0x00007ffe51900000 - 0x00007ffe51a4b000 	C:\WINDOWS\System32\ucrtbase.dll
0x00007ffe49d30000 - 0x00007ffe49d48000 	C:\Program Files\Android\Android Studio\jbr\bin\jli.dll
0x00007ffe49d50000 - 0x00007ffe49d6b000 	C:\Program Files\Android\Android Studio\jbr\bin\VCRUNTIME140.dll
0x00007ffe538b0000 - 0x00007ffe53a75000 	C:\WINDOWS\System32\USER32.dll
0x00007ffe518d0000 - 0x00007ffe518f7000 	C:\WINDOWS\System32\win32u.dll
0x00007ffe37300000 - 0x00007ffe37593000 	C:\WINDOWS\WinSxS\amd64_microsoft.windows.common-controls_6595b64144ccf1df_6.0.26100.7309_none_3e05feeae336a044\COMCTL32.dll
0x00007ffe52130000 - 0x00007ffe5215b000 	C:\WINDOWS\System32\GDI32.dll
0x00007ffe53c70000 - 0x00007ffe53d19000 	C:\WINDOWS\System32\msvcrt.dll
0x00007ffe51630000 - 0x00007ffe5175c000 	C:\WINDOWS\System32\gdi32full.dll
0x00007ffe51a50000 - 0x00007ffe51af3000 	C:\WINDOWS\System32\msvcp_win.dll
0x00007ffe53b40000 - 0x00007ffe53b71000 	C:\WINDOWS\System32\IMM32.DLL
0x00007ffe49d20000 - 0x00007ffe49d2c000 	C:\Program Files\Android\Android Studio\jbr\bin\vcruntime140_1.dll
0x00007ffe1ed30000 - 0x00007ffe1edbd000 	C:\Program Files\Android\Android Studio\jbr\bin\msvcp140.dll
0x00007ffd52610000 - 0x00007ffd532a6000 	C:\Program Files\Android\Android Studio\jbr\bin\server\jvm.dll
0x00007ffe52160000 - 0x00007ffe52214000 	C:\WINDOWS\System32\ADVAPI32.dll
0x00007ffe51c70000 - 0x00007ffe51d16000 	C:\WINDOWS\System32\sechost.dll
0x00007ffe53530000 - 0x00007ffe53648000 	C:\WINDOWS\System32\RPCRT4.dll
0x00007ffe51d20000 - 0x00007ffe51d94000 	C:\WINDOWS\System32\WS2_32.dll
0x00007ffe50d10000 - 0x00007ffe50d6e000 	C:\WINDOWS\SYSTEM32\POWRPROF.dll
0x00007ffe343a0000 - 0x00007ffe343d5000 	C:\WINDOWS\SYSTEM32\WINMM.dll
0x00007ffe482f0000 - 0x00007ffe482fb000 	C:\WINDOWS\SYSTEM32\VERSION.dll
0x00007ffe50cf0000 - 0x00007ffe50d04000 	C:\WINDOWS\SYSTEM32\UMPDC.dll
0x00007ffe4fc60000 - 0x00007ffe4fc7b000 	C:\WINDOWS\SYSTEM32\kernel.appcore.dll
0x00007ffe49730000 - 0x00007ffe4973a000 	C:\Program Files\Android\Android Studio\jbr\bin\jimage.dll
0x00007ffe4df70000 - 0x00007ffe4e1b2000 	C:\WINDOWS\SYSTEM32\DBGHELP.DLL
0x00007ffe51da0000 - 0x00007ffe52126000 	C:\WINDOWS\System32\combase.dll
0x00007ffe51b90000 - 0x00007ffe51c66000 	C:\WINDOWS\System32\OLEAUT32.dll
0x00007ffe29f40000 - 0x00007ffe29f7c000 	C:\WINDOWS\SYSTEM32\dbgcore.DLL
0x00007ffe50f40000 - 0x00007ffe50fe5000 	C:\WINDOWS\System32\bcryptPrimitives.dll
0x00007ffe34840000 - 0x00007ffe3484e000 	C:\Program Files\Android\Android Studio\jbr\bin\instrument.dll
0x00007ffe35ca0000 - 0x00007ffe35cc0000 	C:\Program Files\Android\Android Studio\jbr\bin\java.dll
0x00007ffe35c80000 - 0x00007ffe35c98000 	C:\Program Files\Android\Android Studio\jbr\bin\zip.dll
0x00007ffe523a0000 - 0x00007ffe52af3000 	C:\WINDOWS\System32\SHELL32.dll
0x00007ffe51760000 - 0x00007ffe518ca000 	C:\WINDOWS\System32\wintypes.dll
0x00007ffe4ea70000 - 0x00007ffe4f2ce000 	C:\WINDOWS\SYSTEM32\windows.storage.dll
0x00007ffe522a0000 - 0x00007ffe52395000 	C:\WINDOWS\System32\SHCORE.dll
0x00007ffe53830000 - 0x00007ffe53896000 	C:\WINDOWS\System32\shlwapi.dll
0x00007ffe50dd0000 - 0x00007ffe50df9000 	C:\WINDOWS\SYSTEM32\profapi.dll
0x00007ffe365c0000 - 0x00007ffe365d0000 	C:\Program Files\Android\Android Studio\jbr\bin\net.dll
0x00007ffe4d610000 - 0x00007ffe4d738000 	C:\WINDOWS\SYSTEM32\WINHTTP.dll
0x00007ffe501d0000 - 0x00007ffe5023b000 	C:\WINDOWS\system32\mswsock.dll
0x00007ffe34d90000 - 0x00007ffe34da6000 	C:\Program Files\Android\Android Studio\jbr\bin\nio.dll
0x00007ffe365a0000 - 0x00007ffe365b0000 	C:\Program Files\Android\Android Studio\jbr\bin\verify.dll
0x00007ffe34930000 - 0x00007ffe34957000 	C:\Users\oouch\.gradle\native\c067742578af261105cb4f569cf0c3c89f3d7b1fecec35dd04571415982c5e48\windows-amd64\native-platform.dll
0x00007ffe146a0000 - 0x00007ffe147e4000 	C:\Users\oouch\.gradle\native\38dada09dfb8b06ba9b0570ebf7e218e3eb74d4ef43ca46872605cf95ebc2f47\windows-amd64\native-platform-file-events.dll
0x00007ffe34bc0000 - 0x00007ffe34bc9000 	C:\Program Files\Android\Android Studio\jbr\bin\management.dll
0x00007ffe34bb0000 - 0x00007ffe34bbb000 	C:\Program Files\Android\Android Studio\jbr\bin\management_ext.dll
0x00007ffe53520000 - 0x00007ffe53528000 	C:\WINDOWS\System32\PSAPI.DLL
0x00007ffe50490000 - 0x00007ffe504ab000 	C:\WINDOWS\SYSTEM32\CRYPTSP.dll
0x00007ffe4fbc0000 - 0x00007ffe4fbfa000 	C:\WINDOWS\system32\rsaenh.dll
0x00007ffe50280000 - 0x00007ffe502ab000 	C:\WINDOWS\SYSTEM32\USERENV.dll
0x00007ffe50da0000 - 0x00007ffe50dca000 	C:\WINDOWS\SYSTEM32\bcrypt.dll
0x00007ffe504b0000 - 0x00007ffe504bc000 	C:\WINDOWS\SYSTEM32\CRYPTBASE.dll
0x00007ffe4f770000 - 0x00007ffe4f7a4000 	C:\WINDOWS\SYSTEM32\IPHLPAPI.DLL
0x00007ffe538a0000 - 0x00007ffe538aa000 	C:\WINDOWS\System32\NSI.dll
0x00007ffe349f0000 - 0x00007ffe349f9000 	C:\Program Files\Android\Android Studio\jbr\bin\extnet.dll
0x00007ffdec230000 - 0x00007ffdec238000 	C:\WINDOWS\system32\wshunix.dll
0x00007ffe1ffa0000 - 0x00007ffe1ffb8000 	C:\WINDOWS\system32\napinsp.dll
0x00007ffe4f7b0000 - 0x00007ffe4f8dc000 	C:\WINDOWS\SYSTEM32\DNSAPI.dll
0x00007ffe1ff80000 - 0x00007ffe1ff92000 	C:\WINDOWS\System32\winrnr.dll
0x00007ffe1ff50000 - 0x00007ffe1ff72000 	C:\WINDOWS\system32\nlansp_c.dll
0x00007ffe487b0000 - 0x00007ffe487c6000 	C:\WINDOWS\system32\wshbth.dll
0x00007ffe48670000 - 0x00007ffe4867b000 	C:\Windows\System32\rasadhlp.dll
0x00007ffe4c4c0000 - 0x00007ffe4c546000 	C:\WINDOWS\System32\fwpuclnt.dll

JVMTI agents:
C:\Users\oouch\.gradle\wrapper\dists\gradle-8.5-bin\5t9huq95ubn472n8rpzujfbqh\gradle-8.5\lib\agents\gradle-instrumentation-agent-8.5.jar path:C:\Program Files\Android\Android Studio\jbr\bin\instrument.dll, loaded, initialized, instrumentlib options:none

dbghelp: loaded successfully - version: 4.0.5 - missing functions: none
symbol engine: initialized successfully - sym options: 0x614 - pdb path: .;C:\Program Files\Android\Android Studio\jbr\bin;C:\WINDOWS\SYSTEM32;C:\WINDOWS\WinSxS\amd64_microsoft.windows.common-controls_6595b64144ccf1df_6.0.26100.7309_none_3e05feeae336a044;C:\Program Files\Android\Android Studio\jbr\bin\server;C:\Users\oouch\.gradle\native\c067742578af261105cb4f569cf0c3c89f3d7b1fecec35dd04571415982c5e48\windows-amd64;C:\Users\oouch\.gradle\native\38dada09dfb8b06ba9b0570ebf7e218e3eb74d4ef43ca46872605cf95ebc2f47\windows-amd64

VM Arguments:
jvm_args: --add-opens=java.base/java.util=ALL-UNNAMED --add-opens=java.base/java.lang=ALL-UNNAMED --add-opens=java.base/java.lang.invoke=ALL-UNNAMED --add-opens=java.prefs/java.util.prefs=ALL-UNNAMED --add-opens=java.base/java.nio.charset=ALL-UNNAMED --add-opens=java.base/java.net=ALL-UNNAMED --add-opens=java.base/java.util.concurrent.atomic=ALL-UNNAMED -Xmx2048m -Dfile.encoding=UTF-8 -Duser.country=US -Duser.language=en -Duser.variant -javaagent:C:\Users\oouch\.gradle\wrapper\dists\gradle-8.5-bin\5t9huq95ubn472n8rpzujfbqh\gradle-8.5\lib\agents\gradle-instrumentation-agent-8.5.jar 
java_command: org.gradle.launcher.daemon.bootstrap.GradleDaemon 8.5
java_class_path (initial): C:\Users\oouch\.gradle\wrapper\dists\gradle-8.5-bin\5t9huq95ubn472n8rpzujfbqh\gradle-8.5\lib\gradle-launcher-8.5.jar
Launcher Type: SUN_STANDARD

[Global flags]
     intx CICompilerCount                          = 4                                         {product} {ergonomic}
     uint ConcGCThreads                            = 2                                         {product} {ergonomic}
     uint G1ConcRefinementThreads                  = 8                                         {product} {ergonomic}
   size_t G1HeapRegionSize                         = 1048576                                   {product} {ergonomic}
    uintx GCDrainStackTargetSize                   = 64                                        {product} {ergonomic}
   size_t InitialHeapSize                          = 264241152                                 {product} {ergonomic}
   size_t MarkStackSize                            = 4194304                                   {product} {ergonomic}
   size_t MaxHeapSize                              = 2147483648                                {product} {command line}
   size_t MaxNewSize                               = 1287651328                                {product} {ergonomic}
   size_t MinHeapDeltaBytes                        = 1048576                                   {product} {ergonomic}
   size_t MinHeapSize                              = 8388608                                   {product} {ergonomic}
    uintx NonNMethodCodeHeapSize                   = 5839372                                {pd product} {ergonomic}
    uintx NonProfiledCodeHeapSize                  = 122909434                              {pd product} {ergonomic}
    uintx ProfiledCodeHeapSize                     = 122909434                              {pd product} {ergonomic}
    uintx ReservedCodeCacheSize                    = 251658240                              {pd product} {ergonomic}
     bool SegmentedCodeCache                       = true                                      {product} {ergonomic}
   size_t SoftMaxHeapSize                          = 2147483648                             {manageable} {ergonomic}
     bool UseCompressedOops                        = true                           {product lp64_product} {ergonomic}
     bool UseG1GC                                  = true                                      {product} {ergonomic}
     bool UseLargePagesIndividualAllocation        = false                                  {pd product} {ergonomic}

Logging:
Log output configuration:
 #0: stdout all=warning uptime,level,tags foldmultilines=false
 #1: stderr all=off uptime,level,tags foldmultilines=false

Environment Variables:
JAVA_HOME=C:\Program Files\Android\Android Studio\jbr
PATH=C:\Users\oouch\bin;C:\Program Files\Git\mingw64\bin;C:\Program Files\Git\usr\local\bin;C:\Program Files\Git\usr\bin;C:\Program Files\Git\usr\bin;C:\Program Files\Git\mingw64\bin;C:\Program Files\Git\usr\bin;C:\Users\oouch\bin;C:\Python314\Scripts;C:\Python314;C:\WINDOWS\system32;C:\WINDOWS;C:\WINDOWS\System32\Wbem;C:\WINDOWS\System32\WindowsPowerShell\v1.0;C:\WINDOWS\System32\OpenSSH;C:\Program Files\dotnet;C:\Program Files\NVIDIA Corporation\NVIDIA App\NvDLISR;C:\Program Files (x86)\NVIDIA Corporation\PhysX\Common;C:\Program Files\cursor\resources\app\bin;C:\Program Files\Git\cmd;C:\Program Files\nodejs;C:\ProgramData\chocolatey\bin;C:\Program Files\Docker\Docker\resources\bin;C:\Python314\Scripts;C:\Python314;C:\WINDOWS\system32;C:\WINDOWS;C:\WINDOWS\System32\Wbem;C:\WINDOWS\System32\WindowsPowerShell\v1.0;C:\WINDOWS\System32\OpenSSH;C:\Program Files\dotnet;C:\Program Files\NVIDIA Corporation\NVIDIA App\NvDLISR;C:\Program Files (x86)\NVIDIA Corporation\PhysX\Common;C:\Program Files\cursor\resources\app\bin;C:\Program Files\Git\cmd;C:\Program Files\nodejs;C:\ProgramData\chocolatey\bin;C:\Users\oouch\AppData\Local\Programs\Python\Launcher;C:\Users\oouch\AppData\Local\Microsoft\WindowsApps;C:\Users\oouch\AppData\Roaming\npm;C:\Users\oouch\.local\bin;C:\Program Files\Git\usr\bin\vendor_perl;C:\Program Files\Git\usr\bin\core_perl
USERNAME=oouch
SHELL=C:\Program Files\Git\usr\bin\bash.exe
DISPLAY=needs-to-be-defined
LANG=en_US.UTF-8
TERM=xterm-256color
TMPDIR=C:\Users\oouch\AppData\Local\Temp
OS=Windows_NT
PROCESSOR_IDENTIFIER=Intel64 Family 6 Model 142 Stepping 12, GenuineIntel
TMP=C:\Users\oouch\AppData\Local\Temp
TEMP=C:\Users\oouch\AppData\Local\Temp




Periodic native trim disabled

JNI global refs:
JNI global refs: 30, weak refs: 5

JNI global refs memory usage: 835, weak refs: 833

Process memory usage:
Resident Set Size: 605780K (3% of 16492004K total physical memory with 1146016K free physical memory)

OOME stack traces (most recent first):
Classloader memory used:
Loader org.gradle.internal.classloader.VisitableURLClassLoader$InstrumentingVisitableURLClassLoader: 53807K
Loader org.gradle.internal.classloader.VisitableURLClassLoader                         : 40247K
Loader bootstrap                                                                       : 29461K
Loader org.gradle.initialization.MixInLegacyTypesClassLoader                           : 11347K
Loader jdk.internal.loader.ClassLoaders$PlatformClassLoader                            : 509K
Loader jdk.internal.reflect.DelegatingClassLoader                                      : 262K
Loader jdk.internal.loader.ClassLoaders$AppClassLoader                                 : 228K
Loader org.gradle.internal.classloader.VisitableURLClassLoader                         : 167K
Loader sun.reflect.misc.MethodUtil                                                     : 2984B

Classes loaded by more than one classloader:
Class Program                                                                         : loaded 5 times (x 72B)
Class Build_gradle                                                                    : loaded 3 times (x 130B)
Class Build_gradle$1                                                                  : loaded 3 times (x 74B)
Class org.gradle.internal.classloader.FilteringClassLoader                            : loaded 2 times (x 105B)
Class com.google.common.collect.SortedSetMultimap                                     : loaded 2 times (x 70B)
Class [Lcom.google.common.base.AbstractIterator$State;                                : loaded 2 times (x 69B)
Class com.google.common.base.CharMatcher$IsEither                                     : loaded 2 times (x 111B)
Class org.gradle.internal.classloader.ClassLoaderHierarchy                            : loaded 2 times (x 70B)
Class com.google.common.collect.AbstractMapBasedMultimap$WrappedCollection            : loaded 2 times (x 124B)
Class com.google.common.collect.ImmutableEnumSet                                      : loaded 2 times (x 146B)
Class com.google.common.util.concurrent.ExecutionError                                : loaded 2 times (x 82B)
Class com.google.common.collect.ImmutableList$1                                       : loaded 2 times (x 97B)
Class org.gradle.api.internal.classpath.ManifestUtil                                  : loaded 2 times (x 71B)
Class com.google.common.io.ByteArrayDataOutput                                        : loaded 2 times (x 70B)
Class com.google.common.collect.RegularImmutableMap                                   : loaded 2 times (x 121B)
Class com.google.common.collect.ImmutableMap$MapViewOfValuesAsSingletonSets           : loaded 2 times (x 125B)
Class [Lorg.objectweb.asm.Symbol;                                                     : loaded 2 times (x 69B)
Class org.objectweb.asm.ClassVisitor                                                  : loaded 2 times (x 88B)
Class com.google.common.collect.UnmodifiableListIterator                              : loaded 2 times (x 95B)
Class org.objectweb.asm.MethodTooLargeException                                       : loaded 2 times (x 83B)
Class com.google.common.base.Platform$JdkPatternCompiler                              : loaded 2 times (x 75B)
Class [Lcom.google.common.cache.CacheBuilder$OneWeigher;                              : loaded 2 times (x 69B)
Class com.google.common.base.Suppliers                                                : loaded 2 times (x 71B)
Class org.gradle.internal.classloader.DefaultClassLoaderFactory                       : loaded 2 times (x 82B)
Class com.google.common.base.CharMatcher$None                                         : loaded 2 times (x 112B)
Class org.gradle.internal.classloader.ClassLoaderVisitor                              : loaded 2 times (x 76B)
Class [Lcom.google.common.collect.ImmutableMapEntry;                                  : loaded 2 times (x 69B)
Class org.gradle.api.internal.classpath.EffectiveClassPath                            : loaded 2 times (x 90B)
Class org.apache.commons.io.output.StringBuilderWriter                                : loaded 2 times (x 100B)
Class com.google.common.collect.ImmutableEnumMap                                      : loaded 2 times (x 125B)
Class com.google.common.collect.ListMultimap                                          : loaded 2 times (x 70B)
Class com.google.common.collect.Sets$1                                                : loaded 2 times (x 139B)
Class org.objectweb.asm.AnnotationVisitor                                             : loaded 2 times (x 78B)
Class com.google.common.base.Splitter                                                 : loaded 2 times (x 72B)
Class org.gradle.api.internal.DefaultClassPathProvider                                : loaded 2 times (x 76B)
Class com.google.common.collect.Sets$2                                                : loaded 2 times (x 139B)
Class [Lorg.gradle.api.internal.ClassPathProvider;                                    : loaded 2 times (x 69B)
Class org.gradle.api.internal.ClassPathProvider                                       : loaded 2 times (x 70B)
Class [Lorg.objectweb.asm.AnnotationVisitor;                                          : loaded 2 times (x 69B)
Class com.google.common.collect.Sets$3                                                : loaded 2 times (x 139B)
Class com.google.common.util.concurrent.AbstractFuture$SafeAtomicHelper               : loaded 2 times (x 79B)
Class com.google.common.cache.LocalCache$LocalLoadingCache                            : loaded 2 times (x 134B)
Class com.google.common.base.AbstractIterator$State                                   : loaded 2 times (x 79B)
Class org.gradle.internal.service.UnknownServiceException                             : loaded 2 times (x 83B)
Class com.google.common.io.ByteArrayDataInput                                         : loaded 2 times (x 70B)
Class com.google.common.collect.Sets$4                                                : loaded 2 times (x 139B)
Class org.objectweb.asm.ModuleVisitor                                                 : loaded 2 times (x 81B)
Class com.google.common.cache.LocalCache$Strength$1                                   : loaded 2 times (x 81B)
Class com.google.common.util.concurrent.SettableFuture                                : loaded 2 times (x 114B)
Class com.google.common.cache.LocalCache$Strength$2                                   : loaded 2 times (x 81B)
Class com.google.common.io.ByteStreams                                                : loaded 2 times (x 71B)
Class com.google.common.cache.LocalCache$Strength$3                                   : loaded 2 times (x 81B)
Class com.google.common.collect.MapDifference                                         : loaded 2 times (x 70B)
Class com.google.common.base.Splitter$1                                               : loaded 2 times (x 77B)
Class org.objectweb.asm.FieldWriter                                                   : loaded 2 times (x 78B)
Class com.google.common.cache.CacheBuilder$NullListener                               : loaded 2 times (x 82B)
Class org.gradle.internal.classpath.TransformedClassPath                              : loaded 2 times (x 96B)
Class com.google.common.cache.CacheLoader$FunctionToCacheLoader                       : loaded 2 times (x 75B)
Class com.google.common.collect.Iterators$ArrayItr                                    : loaded 2 times (x 97B)
Class com.google.common.collect.ImmutableCollection$Builder                           : loaded 2 times (x 76B)
Class org.apache.commons.io.output.ByteArrayOutputStream                              : loaded 2 times (x 92B)
Class com.google.common.base.Joiner                                                   : loaded 2 times (x 79B)
Class com.google.common.base.MoreObjects                                              : loaded 2 times (x 71B)
Class [Lorg.objectweb.asm.Type;                                                       : loaded 2 times (x 69B)
Class com.google.common.collect.Platform                                              : loaded 2 times (x 71B)
Class com.google.common.collect.UnmodifiableIterator                                  : loaded 2 times (x 80B)
Class org.gradle.internal.service.ServiceLocator                                      : loaded 2 times (x 70B)
Class com.google.common.base.Ascii                                                    : loaded 2 times (x 71B)
Class com.google.common.cache.LocalCache$1                                            : loaded 2 times (x 89B)
Class com.google.common.collect.AbstractMapEntry                                      : loaded 2 times (x 81B)
Class com.google.common.collect.AbstractSetMultimap                                   : loaded 2 times (x 174B)
Class com.google.common.collect.Sets$ImprovedAbstractSet                              : loaded 2 times (x 135B)
Class com.google.common.collect.ImmutableList$Builder                                 : loaded 2 times (x 77B)
Class com.google.common.cache.LocalCache$2                                            : loaded 2 times (x 142B)
Class com.google.common.collect.AbstractMultimap                                      : loaded 2 times (x 123B)
Class com.google.common.util.concurrent.AbstractFuture$UnsafeAtomicHelper$1           : loaded 2 times (x 76B)
Class com.google.common.collect.RegularImmutableAsList                                : loaded 2 times (x 216B)
Class com.google.common.util.concurrent.AbstractFuture$Trusted                        : loaded 2 times (x 70B)
Class com.google.common.collect.Iterators                                             : loaded 2 times (x 71B)
Class com.google.common.base.CharMatcher$RangesMatcher                                : loaded 2 times (x 112B)
Class com.google.common.util.concurrent.UncheckedExecutionException                   : loaded 2 times (x 82B)
Class com.google.common.collect.Lists$StringAsImmutableList                           : loaded 2 times (x 207B)
Class org.gradle.kotlin.dsl.VersionCatalogAccessorsKt                                 : loaded 2 times (x 71B)
Class com.google.common.base.CharMatcher$JavaLetterOrDigit                            : loaded 2 times (x 111B)
Class org.gradle.internal.InternalTransformer                                         : loaded 2 times (x 70B)
Class com.google.common.collect.AbstractMapBasedMultimap$KeySet$1                     : loaded 2 times (x 82B)
Class org.objectweb.asm.ClassWriter                                                   : loaded 2 times (x 106B)
Class com.google.common.cache.CacheLoader$UnsupportedLoadingOperationException        : loaded 2 times (x 82B)
Class com.google.common.base.CharMatcher$And                                          : loaded 2 times (x 112B)
Class org.gradle.internal.classloader.ClasspathUtil$1                                 : loaded 2 times (x 76B)
Class com.google.common.base.Objects                                                  : loaded 2 times (x 71B)
Class org.objectweb.asm.FieldVisitor                                                  : loaded 2 times (x 77B)
Class com.google.common.collect.IndexedImmutableSet                                   : loaded 2 times (x 150B)
Class com.google.common.collect.ImmutableMap$1                                        : loaded 2 times (x 81B)
Class com.google.common.collect.BiMap                                                 : loaded 2 times (x 70B)
Class org.gradle.api.internal.classpath.DefaultModuleRegistry$DefaultModule           : loaded 2 times (x 86B)
Class com.google.common.primitives.Ints                                               : loaded 2 times (x 71B)
Class com.google.common.collect.AbstractIterator                                      : loaded 2 times (x 82B)
Class com.google.common.math.MathPreconditions                                        : loaded 2 times (x 71B)
Class com.google.common.collect.Multiset                                              : loaded 2 times (x 70B)
Class com.google.common.collect.ArrayListMultimapGwtSerializationDependencies         : loaded 2 times (x 172B)
Class com.google.common.collect.RegularImmutableMap$KeySet                            : loaded 2 times (x 150B)
Class com.google.common.collect.AbstractIndexedListIterator                           : loaded 2 times (x 96B)
Class com.google.common.collect.ImmutableMapEntrySet                                  : loaded 2 times (x 151B)
Class org.gradle.api.internal.classpath.Module                                        : loaded 2 times (x 70B)
Class com.google.common.cache.Weigher                                                 : loaded 2 times (x 70B)
Class org.gradle.api.internal.classpath.UnknownModuleException                        : loaded 2 times (x 82B)
Class org.gradle.cache.GlobalCache                                                    : loaded 2 times (x 70B)
Class com.google.common.base.Stopwatch                                                : loaded 2 times (x 72B)
Class com.google.common.cache.LocalCache$Strength                                     : loaded 2 times (x 81B)
Class com.google.common.cache.Cache                                                   : loaded 2 times (x 70B)
Class com.google.common.util.concurrent.AbstractFuture$Cancellation                   : loaded 2 times (x 72B)
Class com.google.common.collect.ImmutableMap$Builder                                  : loaded 2 times (x 82B)
Class com.google.common.base.NullnessCasts                                            : loaded 2 times (x 71B)
Class com.google.common.collect.AbstractMapBasedMultimap$WrappedCollection$WrappedIterator: loaded 2 times (x 84B)
Class com.google.common.cache.RemovalListener                                         : loaded 2 times (x 70B)
Class org.gradle.api.internal.DefaultClassPathRegistry                                : loaded 2 times (x 76B)
Class com.google.common.primitives.IntsMethodsForWeb                                  : loaded 2 times (x 71B)
Class com.google.common.collect.Multimap                                              : loaded 2 times (x 70B)
Class org.gradle.api.internal.ClassPathRegistry                                       : loaded 2 times (x 70B)
Class org.gradle.internal.classpath.DefaultClassPath$ImmutableUniqueList              : loaded 2 times (x 199B)
Class com.google.common.base.ExtraObjectsMethodsForWeb                                : loaded 2 times (x 71B)
Class org.apache.commons.io.IOUtils                                                   : loaded 2 times (x 71B)
Class com.google.common.base.Equivalence$Identity                                     : loaded 2 times (x 82B)
Class com.google.common.cache.CacheBuilder                                            : loaded 2 times (x 72B)
Class com.google.common.collect.SingletonImmutableList                                : loaded 2 times (x 207B)
Class Settings_gradle$1                                                               : loaded 2 times (x 74B)
Class org.gradle.internal.classpath.ClassPath                                         : loaded 2 times (x 70B)
Class org.gradle.api.UncheckedIOException                                             : loaded 2 times (x 82B)
Class com.google.common.collect.ImmutableList$ReverseImmutableList                    : loaded 2 times (x 208B)
Class com.google.common.base.JdkPattern                                               : loaded 2 times (x 75B)
Class org.objectweb.asm.SymbolTable$Entry                                             : loaded 2 times (x 74B)
Class com.google.common.util.concurrent.AbstractFuture$AtomicHelper                   : loaded 2 times (x 78B)
Class org.objectweb.asm.Edge                                                          : loaded 2 times (x 72B)
Class com.google.common.base.Suppliers$SupplierOfInstance                             : loaded 2 times (x 79B)
Class com.google.common.collect.Iterators$1                                           : loaded 2 times (x 81B)
Class com.google.common.cache.LocalCache$ComputingValueReference                      : loaded 2 times (x 96B)
Class com.google.common.collect.SingletonImmutableSet                                 : loaded 2 times (x 146B)
Class com.google.common.collect.ImmutableMap$IteratorBasedImmutableMap                : loaded 2 times (x 125B)
Class com.google.common.cache.LocalCache$Segment                                      : loaded 2 times (x 154B)
Class [Lorg.objectweb.asm.SymbolTable$Entry;                                          : loaded 2 times (x 69B)
Class com.google.common.cache.CacheLoader                                             : loaded 2 times (x 74B)
Class com.google.common.collect.Iterators$4                                           : loaded 2 times (x 82B)
Class com.google.common.collect.ImmutableBiMap                                        : loaded 2 times (x 143B)
Class com.google.common.collect.AbstractListMultimap                                  : loaded 2 times (x 172B)
Class org.gradle.internal.installation.GradleInstallation$1                           : loaded 2 times (x 75B)
Class org.gradle.api.internal.classpath.ModuleRegistry                                : loaded 2 times (x 70B)
Class com.google.common.util.concurrent.internal.InternalFutureFailureAccess          : loaded 2 times (x 72B)
Class com.google.common.collect.Iterators$5                                           : loaded 2 times (x 82B)
Class com.google.common.collect.ImmutableSet$JdkBackedSetBuilderImpl                  : loaded 2 times (x 76B)
Class com.google.common.base.Splitter$SplittingIterator                               : loaded 2 times (x 84B)
Class com.google.common.io.Closer$SuppressingSuppressor                               : loaded 2 times (x 75B)
Class com.google.common.util.concurrent.AbstractFuture$UnsafeAtomicHelper             : loaded 2 times (x 78B)
Class com.google.common.cache.LocalCache$LocalManualCache$1                           : loaded 2 times (x 75B)
Class com.google.common.base.CharMatcher$ForPredicate                                 : loaded 2 times (x 112B)
Class com.google.common.collect.Multimaps$CustomSetMultimap                           : loaded 2 times (x 178B)
Class com.google.common.collect.ImmutableCollection                                   : loaded 2 times (x 125B)
Class com.google.common.base.CharMatcher$AnyOf                                        : loaded 2 times (x 112B)
Class org.gradle.api.internal.classpath.DefaultModuleRegistry                         : loaded 2 times (x 86B)
Class com.google.common.util.concurrent.ListenableFuture                              : loaded 2 times (x 70B)
Class com.google.common.cache.ReferenceEntry                                          : loaded 2 times (x 70B)
Class com.google.common.collect.ImmutableSet$CachingAsList                            : loaded 2 times (x 147B)
Class com.google.common.base.Converter                                                : loaded 2 times (x 90B)
Class com.google.common.collect.Lists                                                 : loaded 2 times (x 71B)
Class com.google.common.base.CharMatcher$Any                                          : loaded 2 times (x 112B)
Class com.google.common.util.concurrent.AbstractFuture                                : loaded 2 times (x 106B)
Class com.google.common.base.FunctionalEquivalence                                    : loaded 2 times (x 83B)
Class com.google.common.collect.Iterators$9                                           : loaded 2 times (x 81B)
Class com.google.common.collect.AbstractMapBasedMultimap                              : loaded 2 times (x 139B)
Class com.google.common.collect.ImmutableAsList                                       : loaded 2 times (x 209B)
Class org.objectweb.asm.RecordComponentVisitor                                        : loaded 2 times (x 77B)
Class com.google.common.cache.CacheLoader$SupplierToCacheLoader                       : loaded 2 times (x 75B)
Class com.google.common.collect.Maps$EntryTransformer                                 : loaded 2 times (x 70B)
Class org.gradle.internal.service.ServiceLookupException                              : loaded 2 times (x 82B)
Class [Lcom.google.common.cache.LocalCache$EntryFactory;                              : loaded 2 times (x 69B)
Class com.google.common.base.CharMatcher$JavaLetter                                   : loaded 2 times (x 111B)
Class org.gradle.internal.classloader.ClassLoaderFactory                              : loaded 2 times (x 70B)
Class com.google.common.cache.LocalCache$LocalManualCache                             : loaded 2 times (x 99B)
Class com.google.common.base.CharMatcher$IsNot                                        : loaded 2 times (x 111B)
Class com.google.common.base.CommonPattern                                            : loaded 2 times (x 74B)
Class org.gradle.internal.service.CachingServiceLocator                               : loaded 2 times (x 82B)
Class com.google.common.collect.AbstractMapBasedMultimap$KeySet                       : loaded 2 times (x 137B)
Class com.google.common.math.IntMath                                                  : loaded 2 times (x 71B)
Class com.google.common.collect.Iterators$10                                          : loaded 2 times (x 81B)
Class com.google.common.collect.ImmutableMapEntry                                     : loaded 2 times (x 85B)
Class com.google.common.base.CharMatcher$JavaDigit                                    : loaded 2 times (x 111B)
Class com.google.common.base.Equivalence                                              : loaded 2 times (x 82B)
Class com.google.common.collect.ImmutableMapEntry$NonTerminalImmutableMapEntry        : loaded 2 times (x 85B)
Class com.google.common.base.Function                                                 : loaded 2 times (x 70B)
Class com.google.common.collect.IndexedImmutableSet$1                                 : loaded 2 times (x 212B)
Class com.google.common.cache.CacheBuilder$OneWeigher                                 : loaded 2 times (x 82B)
Class com.google.common.collect.RegularImmutableList                                  : loaded 2 times (x 212B)
Class com.google.common.collect.ImmutableBiMapFauxverideShim                          : loaded 2 times (x 120B)
Class org.gradle.internal.classloader.ClasspathUtil                                   : loaded 2 times (x 71B)
Class com.google.common.base.Charsets                                                 : loaded 2 times (x 71B)
Class com.google.common.util.concurrent.Uninterruptibles                              : loaded 2 times (x 71B)
Class com.google.common.collect.AbstractMapBasedMultimap$WrappedSet                   : loaded 2 times (x 142B)
Class com.google.common.collect.Maps                                                  : loaded 2 times (x 71B)
Class com.google.common.base.CharMatcher$JavaUpperCase                                : loaded 2 times (x 111B)
Class org.gradle.api.specs.Spec                                                       : loaded 2 times (x 70B)
Class [Lcom.google.common.collect.ImmutableEntry;                                     : loaded 2 times (x 69B)
Class com.google.common.cache.LocalCache$LoadingValueReference                        : loaded 2 times (x 96B)
Class com.google.common.collect.ObjectArrays                                          : loaded 2 times (x 71B)
Class com.google.common.base.Platform                                                 : loaded 2 times (x 71B)
Class [Lorg.objectweb.asm.AnnotationWriter;                                           : loaded 2 times (x 69B)
Class com.google.common.primitives.Ints$IntConverter                                  : loaded 2 times (x 90B)
Class com.google.common.collect.Maps$8                                                : loaded 2 times (x 82B)
Class com.google.common.collect.Sets$SetView                                          : loaded 2 times (x 138B)
Class com.google.common.cache.LocalCache$StrongValueReference                         : loaded 2 times (x 90B)
Class com.google.common.util.concurrent.AbstractFuture$SynchronizedHelper             : loaded 2 times (x 78B)
Class com.google.common.base.CharMatcher$Invisible                                    : loaded 2 times (x 112B)
Class org.objectweb.asm.Type                                                          : loaded 2 times (x 72B)
Class org.gradle.internal.classloader.VisitableURLClassLoader$InstrumentingVisitableURLClassLoader: loaded 2 times (x 123B)
Class org.objectweb.asm.ByteVector                                                    : loaded 2 times (x 79B)
Class [Lcom.google.common.cache.CacheBuilder$NullListener;                            : loaded 2 times (x 69B)
Class com.google.common.math.IntMath$1                                                : loaded 2 times (x 71B)
Class org.gradle.internal.classloader.VisitableURLClassLoader$Spec                    : loaded 2 times (x 74B)
Class org.gradle.internal.classpath.DefaultClassPath                                  : loaded 2 times (x 90B)
Class org.objectweb.asm.Symbol                                                        : loaded 2 times (x 73B)
Class com.google.common.base.AbstractIterator                                         : loaded 2 times (x 80B)
Class com.google.common.io.Closer                                                     : loaded 2 times (x 78B)
Class com.google.common.collect.RegularImmutableMap$Values                            : loaded 2 times (x 207B)
Class com.google.common.collect.ImmutableSet                                          : loaded 2 times (x 145B)
Class com.google.common.base.CharMatcher$BitSetMatcher                                : loaded 2 times (x 112B)
Class com.google.common.base.CharMatcher$Ascii                                        : loaded 2 times (x 112B)
Class org.gradle.internal.classloader.ClassLoaderSpec                                 : loaded 2 times (x 71B)
Class org.objectweb.asm.AnnotationWriter                                              : loaded 2 times (x 79B)
Class com.google.common.cache.CacheStats                                              : loaded 2 times (x 71B)
Class com.google.common.io.Closer$Suppressor                                          : loaded 2 times (x 70B)
Class org.objectweb.asm.RecordComponentWriter                                         : loaded 2 times (x 78B)
Class com.google.common.util.concurrent.AbstractFuture$Listener                       : loaded 2 times (x 72B)
Class com.google.common.base.CharMatcher$Or                                           : loaded 2 times (x 112B)
Class Settings_gradle$1$1                                                             : loaded 2 times (x 74B)
Class org.objectweb.asm.Attribute                                                     : loaded 2 times (x 77B)
Class com.google.common.base.Supplier                                                 : loaded 2 times (x 70B)
Class org.gradle.internal.classloader.VisitableURLClassLoader                         : loaded 2 times (x 117B)
Class com.google.common.util.concurrent.AbstractFuture$Waiter                         : loaded 2 times (x 72B)
Class Settings_gradle                                                                 : loaded 2 times (x 128B)
Class org.gradle.internal.Cast                                                        : loaded 2 times (x 71B)
Class org.gradle.api.Action                                                           : loaded 2 times (x 70B)
Class com.google.common.collect.Sets                                                  : loaded 2 times (x 71B)
Class org.objectweb.asm.Handler                                                       : loaded 2 times (x 72B)
Class com.google.common.base.Strings                                                  : loaded 2 times (x 71B)
Class com.google.common.base.Ticker                                                   : loaded 2 times (x 72B)
Class com.google.common.base.CharMatcher$FastMatcher                                  : loaded 2 times (x 111B)
Class org.gradle.internal.agents.InstrumentingClassLoader                             : loaded 2 times (x 70B)
Class [Lcom.google.common.cache.LocalCache$Segment;                                   : loaded 2 times (x 69B)
Class [Lcom.google.common.cache.LocalCache$Strength;                                  : loaded 2 times (x 69B)
Class com.google.common.cache.CacheBuilder$1                                          : loaded 2 times (x 85B)
Class com.google.common.collect.ImmutableMap                                          : loaded 2 times (x 120B)
Class com.google.common.base.Predicate                                                : loaded 2 times (x 70B)
Class org.gradle.internal.classpath.DefaultClassPath$ImmutableUniqueList$Builder      : loaded 2 times (x 75B)
Class com.google.common.cache.LocalCache                                              : loaded 2 times (x 187B)
Class com.google.common.cache.CacheBuilder$2                                          : loaded 2 times (x 79B)
Class com.google.common.base.CharMatcher$NegatedFastMatcher                           : loaded 2 times (x 113B)
Class com.google.common.cache.CacheBuilder$3                                          : loaded 2 times (x 72B)
Class [Lcom.google.common.collect.AbstractMapEntry;                                   : loaded 2 times (x 69B)
Class com.google.common.collect.ImmutableEntry                                        : loaded 2 times (x 82B)
Class com.google.common.collect.ArrayListMultimap                                     : loaded 2 times (x 172B)
Class com.google.common.base.AbstractIterator$1                                       : loaded 2 times (x 71B)
Class com.google.common.base.CharMatcher$Digit                                        : loaded 2 times (x 112B)
Class org.gradle.api.GradleException                                                  : loaded 2 times (x 82B)
Class com.google.common.base.Suppliers$MemoizingSupplier                              : loaded 2 times (x 79B)
Class com.google.common.collect.CollectPreconditions                                  : loaded 2 times (x 71B)
Class com.google.common.base.CharMatcher$JavaIsoControl                               : loaded 2 times (x 112B)
Class com.google.common.collect.SortedMapDifference                                   : loaded 2 times (x 70B)
Class com.google.common.base.CharMatcher$JavaLowerCase                                : loaded 2 times (x 111B)
Class com.google.common.cache.LocalCache$EntryFactory                                 : loaded 2 times (x 83B)
Class com.google.common.cache.LocalCache$AbstractReferenceEntry                       : loaded 2 times (x 107B)
Class com.google.common.base.Splitter$1$1                                             : loaded 2 times (x 86B)
Class com.google.common.base.CharMatcher$Whitespace                                   : loaded 2 times (x 112B)
Class org.gradle.internal.IoActions                                                   : loaded 2 times (x 71B)
Class org.objectweb.asm.SymbolTable                                                   : loaded 2 times (x 72B)
Class com.google.common.cache.CacheLoader$InvalidCacheLoadException                   : loaded 2 times (x 82B)
Class com.google.common.collect.ImmutableSet$RegularSetBuilderImpl                    : loaded 2 times (x 77B)
Class com.google.common.base.CharMatcher$SingleWidth                                  : loaded 2 times (x 112B)
Class org.gradle.internal.classloader.SystemClassLoaderSpec                           : loaded 2 times (x 71B)
Class com.google.common.cache.LocalCache$StrongEntry                                  : loaded 2 times (x 108B)
Class com.google.common.util.concurrent.AbstractFuture$TrustedFuture                  : loaded 2 times (x 114B)
Class com.google.common.cache.LoadingCache                                            : loaded 2 times (x 70B)
Class com.google.common.io.ByteStreams$LimitedInputStream                             : loaded 2 times (x 92B)
Class com.google.common.base.Suppliers$NonSerializableMemoizingSupplier               : loaded 2 times (x 79B)
Class org.objectweb.asm.MethodWriter                                                  : loaded 2 times (x 106B)
Class [Lcom.google.common.cache.Weigher;                                              : loaded 2 times (x 69B)
Class com.google.common.collect.RegularImmutableMap$BucketOverflowException           : loaded 2 times (x 82B)
Class com.google.common.cache.LocalCache$ValueReference                               : loaded 2 times (x 70B)
Class com.google.common.base.CharMatcher$Negated                                      : loaded 2 times (x 113B)
Class com.google.common.base.CharMatcher$Is                                           : loaded 2 times (x 111B)
Class com.google.common.hash.PrimitiveSink                                            : loaded 2 times (x 70B)
Class com.google.common.util.concurrent.AbstractFuture$Failure                        : loaded 2 times (x 72B)
Class com.google.common.base.PatternCompiler                                          : loaded 2 times (x 70B)
Class com.google.common.base.Equivalence$Equals                                       : loaded 2 times (x 82B)
Class com.google.common.collect.Hashing                                               : loaded 2 times (x 71B)
Class com.google.common.base.Preconditions                                            : loaded 2 times (x 71B)
Class com.google.common.base.Joiner$1                                                 : loaded 2 times (x 80B)
Class org.objectweb.asm.Label                                                         : loaded 2 times (x 73B)
Class org.objectweb.asm.CurrentFrame                                                  : loaded 2 times (x 73B)
Class org.objectweb.asm.ClassTooLargeException                                        : loaded 2 times (x 83B)
Class com.google.common.collect.PeekingIterator                                       : loaded 2 times (x 70B)
Class com.google.common.base.CharMatcher                                              : loaded 2 times (x 111B)
Class com.google.common.collect.Maps$IteratorBasedAbstractMap                         : loaded 2 times (x 125B)
Class com.google.common.base.Joiner$2                                                 : loaded 2 times (x 79B)
Class org.objectweb.asm.Frame                                                         : loaded 2 times (x 73B)
Class org.objectweb.asm.MethodVisitor                                                 : loaded 2 times (x 105B)
Class com.google.common.cache.LocalCache$EntryFactory$1                               : loaded 2 times (x 83B)
Class [Lcom.google.common.cache.RemovalListener;                                      : loaded 2 times (x 69B)
Class com.google.common.base.CharMatcher$1                                            : loaded 2 times (x 113B)
Class com.google.common.base.CharMatcher$NamedFastMatcher                             : loaded 2 times (x 112B)
Class com.google.common.cache.LocalCache$EntryFactory$2                               : loaded 2 times (x 83B)
Class com.google.common.collect.Multimaps                                             : loaded 2 times (x 71B)
Class org.objectweb.asm.ModuleWriter                                                  : loaded 2 times (x 82B)
Class com.google.common.cache.LocalCache$EntryFactory$3                               : loaded 2 times (x 83B)
Class com.google.common.base.Ticker$1                                                 : loaded 2 times (x 72B)
Class com.google.common.collect.ImmutableMapEntrySet$RegularEntrySet                  : loaded 2 times (x 151B)
Class com.google.common.collect.Maps$BiMapConverter                                   : loaded 2 times (x 90B)
Class com.google.common.collect.SetMultimap                                           : loaded 2 times (x 70B)
Class com.google.common.cache.LocalCache$EntryFactory$4                               : loaded 2 times (x 83B)
Class com.google.common.collect.ImmutableSet$Builder                                  : loaded 2 times (x 85B)
Class com.google.common.base.CharMatcher$InRange                                      : loaded 2 times (x 111B)
Class com.google.common.io.ByteStreams$1                                              : loaded 2 times (x 85B)
Class com.google.common.cache.LocalCache$EntryFactory$5                               : loaded 2 times (x 83B)
Class com.google.common.base.PairwiseEquivalence                                      : loaded 2 times (x 83B)
Class com.google.common.cache.LocalCache$EntryFactory$6                               : loaded 2 times (x 83B)
Class org.gradle.internal.installation.CurrentGradleInstallationLocator               : loaded 2 times (x 71B)
Class com.google.common.collect.Maps$KeySet                                           : loaded 2 times (x 137B)
Class com.google.common.cache.LocalCache$EntryFactory$7                               : loaded 2 times (x 83B)
Class com.google.common.collect.ImmutableSet$EmptySetBuilderImpl                      : loaded 2 times (x 76B)
Class com.google.common.collect.ImmutableList                                         : loaded 2 times (x 206B)
Class org.gradle.internal.service.DefaultServiceLocator                               : loaded 2 times (x 83B)
Class com.google.common.cache.LocalCache$EntryFactory$8                               : loaded 2 times (x 83B)
Class com.google.common.collect.ImmutableSet$SetBuilderImpl                           : loaded 2 times (x 76B)
Class org.gradle.internal.installation.CurrentGradleInstallation                      : loaded 2 times (x 73B)
Class com.google.common.cache.CacheLoader$1                                           : loaded 2 times (x 75B)
Class com.google.common.collect.ImmutableList$SubList                                 : loaded 2 times (x 208B)
Class org.gradle.util.internal.GUtil                                                  : loaded 2 times (x 71B)
Class com.google.common.util.concurrent.AbstractFuture$SetFuture                      : loaded 2 times (x 75B)
Class com.google.common.cache.AbstractCache$StatsCounter                              : loaded 2 times (x 70B)
Class com.google.common.collect.Iterators$MergingIterator                             : loaded 2 times (x 81B)
Class com.google.common.collect.RegularImmutableSet                                   : loaded 2 times (x 148B)
Class org.gradle.internal.installation.GradleInstallation                             : loaded 2 times (x 75B)
Class com.google.common.collect.Iterables                                             : loaded 2 times (x 71B)
Class com.google.common.base.Splitter$Strategy                                        : loaded 2 times (x 70B)

---------------  S Y S T E M  ---------------

OS:
 Windows 11 , 64 bit Build 26100 (10.0.26100.7623)
OS uptime: 2 days 22:49 hours
Hyper-V role detected

CPU: total 8 (initial active 8) (4 cores per cpu, 2 threads per core) family 6 model 142 stepping 12 microcode 0xf0, cx8, cmov, fxsr, ht, mmx, 3dnowpref, sse, sse2, sse3, ssse3, sse4.1, sse4.2, popcnt, lzcnt, tsc, tscinvbit, avx, avx2, aes, erms, clmul, bmi1, bmi2, adx, fma, vzeroupper, clflush, clflushopt, hv, rdtscp, f16c
Processor Information for the first 8 processors :
  Max Mhz: 2304, Current Mhz: 1803, Mhz Limit: 1797

Memory: 4k page, system-wide physical 16105M (1095M free)
TotalPageFile size 65257M (AvailPageFile size 13M)
current process WorkingSet (physical memory assigned to process): 593M, peak: 631M
current process commit charge ("private bytes"): 730M, peak: 758M

vm_info: OpenJDK 64-Bit Server VM (21.0.8+-14196175-b1038.72) for windows-amd64 JRE (21.0.8+-14196175-b1038.72), built on 2025-10-01T10:24:33Z by "builder" with MS VC++ 16.10 / 16.11 (VS2019)

END.
